,id,jobDist,n,mfracn,lowerBound,cost,time,start,k
0,0,discreteUniform,10,0.2,83678.0,85793.0,0.003997802734375,random,1
1,0,discreteUniform,10,0.2,83678.0,83866.0,0.02120828628540039,random,2
2,0,discreteUniform,10,0.2,83678.0,83690.0,0.11161303520202637,random,3
3,0,discreteUniform,10,0.2,83678.0,83690.0,0.2866370677947998,random,4
4,0,discreteUniform,10,0.2,83678.0,83866.0,0.0,greedy,1
5,0,discreteUniform,10,0.2,83678.0,83866.0,0.008994102478027344,greedy,2
6,0,discreteUniform,10,0.2,83678.0,83690.0,0.0729527473449707,greedy,3
7,0,discreteUniform,10,0.2,83678.0,83690.0,0.3052241802215576,greedy,4
8,1,largeJobs,10,0.2,165135.5,166726.0,0.0009992122650146484,random,1
9,1,largeJobs,10,0.2,165135.5,165182.0,0.013989686965942383,random,2
10,1,largeJobs,10,0.2,165135.5,165182.0,0.05402803421020508,random,3
11,1,largeJobs,10,0.2,165135.5,165182.0,0.2809157371520996,random,4
12,1,largeJobs,10,0.2,165135.5,167529.0,0.0,greedy,1
13,1,largeJobs,10,0.2,165135.5,165182.0,0.020987272262573242,greedy,2
14,1,largeJobs,10,0.2,165135.5,165182.0,0.10459661483764648,greedy,3
15,1,largeJobs,10,0.2,165135.5,165182.0,0.32300591468811035,greedy,4
16,2,extremes,10,0.2,160520.5,171020.0,0.0009999275207519531,random,1
17,2,extremes,10,0.2,160520.5,160706.0,0.011990785598754883,random,2
18,2,extremes,10,0.2,160520.5,160706.0,0.12488746643066406,random,3
19,2,extremes,10,0.2,160520.5,160706.0,0.2812964916229248,random,4
20,2,extremes,10,0.2,160520.5,168017.0,0.0,greedy,1
21,2,extremes,10,0.2,160520.5,160706.0,0.024981975555419922,greedy,2
22,2,extremes,10,0.2,160520.5,160706.0,0.14686846733093262,greedy,3
23,2,extremes,10,0.2,160520.5,160706.0,0.3110086917877197,greedy,4
24,3,centred,10,0.2,102981.0,103358.0,0.0009984970092773438,random,1
25,3,centred,10,0.2,102981.0,103025.0,0.008995532989501953,random,2
26,3,centred,10,0.2,102981.0,103017.0,0.08593940734863281,random,3
27,3,centred,10,0.2,102981.0,103017.0,0.2818026542663574,random,4
28,3,centred,10,0.2,102981.0,103025.0,0.0009982585906982422,greedy,1
29,3,centred,10,0.2,102981.0,103025.0,0.004996061325073242,greedy,2
30,3,centred,10,0.2,102981.0,103025.0,0.035974979400634766,greedy,3
31,3,centred,10,0.2,102981.0,103017.0,0.3045520782470703,greedy,4
32,4,discreteUniform,10,0.4,57331.25,62350.0,0.0029976367950439453,random,1
33,4,discreteUniform,10,0.4,57331.25,58486.0,0.06574368476867676,random,2
34,4,discreteUniform,10,0.4,57331.25,58022.0,0.8852922916412354,random,3
35,4,discreteUniform,10,0.4,57331.25,58022.0,3.8118298053741455,random,4
36,4,discreteUniform,10,0.4,57331.25,61025.0,0.001997232437133789,greedy,1
37,4,discreteUniform,10,0.4,57331.25,58022.0,0.08294129371643066,greedy,2
38,4,discreteUniform,10,0.4,57331.25,58486.0,0.4830057621002197,greedy,3
39,4,discreteUniform,10,0.4,57331.25,58022.0,10.499239921569824,greedy,4
40,5,largeJobs,10,0.4,84329.0,98084.0,0.00099945068359375,random,1
41,5,largeJobs,10,0.4,84329.0,94905.0,0.051964521408081055,random,2
42,5,largeJobs,10,0.4,84329.0,94905.0,0.6939589977264404,random,3
43,5,largeJobs,10,0.4,84329.0,94905.0,3.726396083831787,random,4
44,5,largeJobs,10,0.4,84329.0,99449.0,0.0009987354278564453,greedy,1
45,5,largeJobs,10,0.4,84329.0,94905.0,0.07095146179199219,greedy,2
46,5,largeJobs,10,0.4,84329.0,94905.0,0.889615535736084,greedy,3
47,5,largeJobs,10,0.4,84329.0,94905.0,5.643991231918335,greedy,4
48,6,extremes,10,0.4,36704.0,36704.0,0.0010039806365966797,random,1
49,6,extremes,10,0.4,36704.0,36704.0,0.059038639068603516,random,2
50,6,extremes,10,0.4,36704.0,36704.0,0.20285558700561523,random,3
51,6,extremes,10,0.4,36704.0,36704.0,1.376560926437378,random,4
52,6,extremes,10,0.4,36704.0,36704.0,0.0,greedy,1
53,6,extremes,10,0.4,36704.0,36704.0,0.0,greedy,2
54,6,extremes,10,0.4,36704.0,36704.0,0.0,greedy,3
55,6,extremes,10,0.4,36704.0,36704.0,0.0009992122650146484,greedy,4
56,7,centred,10,0.4,47260.75,53996.0,0.0019986629486083984,random,1
57,7,centred,10,0.4,47260.75,49527.0,0.05968427658081055,random,2
58,7,centred,10,0.4,47260.75,49527.0,0.4179379940032959,random,3
59,7,centred,10,0.4,47260.75,49527.0,5.199121952056885,random,4
60,7,centred,10,0.4,47260.75,56570.0,0.0009996891021728516,greedy,1
61,7,centred,10,0.4,47260.75,49527.0,0.051932573318481445,greedy,2
62,7,centred,10,0.4,47260.75,49527.0,0.6891257762908936,greedy,3
63,7,centred,10,0.4,47260.75,49527.0,3.979433536529541,greedy,4
64,8,discreteUniform,10,0.6,37531.833333333336,42705.0,0.004994630813598633,random,1
65,8,discreteUniform,10,0.6,37531.833333333336,40580.0,0.14000725746154785,random,2
66,8,discreteUniform,10,0.6,37531.833333333336,40580.0,1.4907200336456299,random,3
67,8,discreteUniform,10,0.6,37531.833333333336,40580.0,18.33977508544922,random,4
68,8,discreteUniform,10,0.6,37531.833333333336,40580.0,0.0019981861114501953,greedy,1
69,8,discreteUniform,10,0.6,37531.833333333336,40580.0,0.0401003360748291,greedy,2
70,8,discreteUniform,10,0.6,37531.833333333336,40580.0,0.7802495956420898,greedy,3
71,8,discreteUniform,10,0.6,37531.833333333336,40580.0,10.222026586532593,greedy,4
72,9,largeJobs,10,0.6,56819.0,68679.0,0.006994724273681641,random,1
73,9,largeJobs,10,0.6,56819.0,66536.0,0.1439824104309082,random,2
74,9,largeJobs,10,0.6,56819.0,66536.0,2.103055477142334,random,3
75,9,largeJobs,10,0.6,56819.0,66536.0,18.374078512191772,random,4
76,9,largeJobs,10,0.6,56819.0,66536.0,0.0,greedy,1
77,9,largeJobs,10,0.6,56819.0,66536.0,0.03479909896850586,greedy,2
78,9,largeJobs,10,0.6,56819.0,66536.0,0.8323101997375488,greedy,3
79,9,largeJobs,10,0.6,56819.0,66536.0,10.245936870574951,greedy,4
80,10,extremes,10,0.6,29980.0,29980.0,0.0019998550415039062,random,1
81,10,extremes,10,0.6,29980.0,29980.0,0.03697657585144043,random,2
82,10,extremes,10,0.6,29980.0,29980.0,0.47245335578918457,random,3
83,10,extremes,10,0.6,29980.0,29980.0,0.005993366241455078,random,4
84,10,extremes,10,0.6,29980.0,29980.0,0.0,greedy,1
85,10,extremes,10,0.6,29980.0,29980.0,0.0,greedy,2
86,10,extremes,10,0.6,29980.0,29980.0,0.0,greedy,3
87,10,extremes,10,0.6,29980.0,29980.0,0.0,greedy,4
88,11,centred,10,0.6,31342.333333333332,37178.0,0.00915217399597168,random,1
89,11,centred,10,0.6,31342.333333333332,36065.0,0.1419694423675537,random,2
90,11,centred,10,0.6,31342.333333333332,36065.0,1.647594690322876,random,3
91,11,centred,10,0.6,31342.333333333332,36065.0,17.49741816520691,random,4
92,11,centred,10,0.6,31342.333333333332,36065.0,0.0009999275207519531,greedy,1
93,11,centred,10,0.6,31342.333333333332,36065.0,0.04196333885192871,greedy,2
94,11,centred,10,0.6,31342.333333333332,36065.0,0.8150947093963623,greedy,3
95,11,centred,10,0.6,31342.333333333332,36065.0,10.368918418884277,greedy,4
96,12,discreteUniform,10,0.8,38533.0,38533.0,0.00299835205078125,random,1
97,12,discreteUniform,10,0.8,38533.0,38533.0,0.06282401084899902,random,2
98,12,discreteUniform,10,0.8,38533.0,38533.0,0.004996299743652344,random,3
99,12,discreteUniform,10,0.8,38533.0,38533.0,0.17087984085083008,random,4
100,12,discreteUniform,10,0.8,38533.0,38533.0,0.0,greedy,1
101,12,discreteUniform,10,0.8,38533.0,38533.0,0.0,greedy,2
102,12,discreteUniform,10,0.8,38533.0,38533.0,0.0,greedy,3
103,12,discreteUniform,10,0.8,38533.0,38533.0,0.0,greedy,4
104,13,largeJobs,10,0.8,41427.375,64456.0,0.01898670196533203,random,1
105,13,largeJobs,10,0.8,41427.375,63151.0,0.1898655891418457,random,2
106,13,largeJobs,10,0.8,41427.375,63151.0,4.887084484100342,random,3
107,13,largeJobs,10,0.8,41427.375,63151.0,39.400612592697144,random,4
108,13,largeJobs,10,0.8,41427.375,63151.0,0.001996755599975586,greedy,1
109,13,largeJobs,10,0.8,41427.375,63151.0,0.07394909858703613,greedy,2
110,13,largeJobs,10,0.8,41427.375,63151.0,1.8911628723144531,greedy,3
111,13,largeJobs,10,0.8,41427.375,63151.0,29.51912236213684,greedy,4
112,14,extremes,10,0.8,38251.0,38251.0,0.0,random,1
113,14,extremes,10,0.8,38251.0,38251.0,0.0,random,2
114,14,extremes,10,0.8,38251.0,38251.0,0.0,random,3
115,14,extremes,10,0.8,38251.0,38251.0,0.0,random,4
116,14,extremes,10,0.8,38251.0,38251.0,0.0,greedy,1
117,14,extremes,10,0.8,38251.0,38251.0,0.0,greedy,2
118,14,extremes,10,0.8,38251.0,38251.0,0.0,greedy,3
119,14,extremes,10,0.8,38251.0,38251.0,0.0,greedy,4
120,15,centred,10,0.8,27631.0,27631.0,0.016652584075927734,random,1
121,15,centred,10,0.8,27631.0,27631.0,0.08239126205444336,random,2
122,15,centred,10,0.8,27631.0,27631.0,0.0,random,3
123,15,centred,10,0.8,27631.0,27631.0,0.87758469581604,random,4
124,15,centred,10,0.8,27631.0,27631.0,0.0,greedy,1
125,15,centred,10,0.8,27631.0,27631.0,0.0,greedy,2
126,15,centred,10,0.8,27631.0,27631.0,0.0,greedy,3
127,15,centred,10,0.8,27631.0,27631.0,0.0,greedy,4
128,16,discreteUniform,100,0.2,98119.95,106836.0,1.1400063037872314,random,1
129,16,discreteUniform,100,0.2,98119.95,187493.0,39.40097737312317,random,2
130,16,discreteUniform,100,0.2,98119.95,176231.0,39.400532245635986,random,3
131,16,discreteUniform,100,0.2,98119.95,153340.0,39.400397300720215,random,4
132,16,discreteUniform,100,0.2,98119.95,99254.0,0.029310226440429688,greedy,1
133,16,discreteUniform,100,0.2,98119.95,99125.0,39.40058517456055,greedy,2
134,16,discreteUniform,100,0.2,98119.95,99125.0,39.400956869125366,greedy,3
135,16,discreteUniform,100,0.2,98119.95,99125.0,39.4000141620636,greedy,4
136,17,largeJobs,100,0.2,165521.3,179256.0,1.118384599685669,random,1
137,17,largeJobs,100,0.2,165521.3,252140.0,39.40034866333008,random,2
138,17,largeJobs,100,0.2,165521.3,320979.0,39.400861740112305,random,3
139,17,largeJobs,100,0.2,165521.3,274619.0,39.40087080001831,random,4
140,17,largeJobs,100,0.2,165521.3,167921.0,0.0429689884185791,greedy,1
141,17,largeJobs,100,0.2,165521.3,167716.0,39.40596675872803,greedy,2
142,17,largeJobs,100,0.2,165521.3,167716.0,39.40146040916443,greedy,3
143,17,largeJobs,100,0.2,165521.3,167716.0,39.40095376968384,greedy,4
144,18,extremes,100,0.2,101342.95,104989.0,1.227921962738037,random,1
145,18,extremes,100,0.2,101342.95,188042.0,39.403411626815796,random,2
146,18,extremes,100,0.2,101342.95,174033.0,39.40094757080078,random,3
147,18,extremes,100,0.2,101342.95,178630.0,39.40148687362671,random,4
148,18,extremes,100,0.2,101342.95,104089.0,0.03380441665649414,greedy,1
149,18,extremes,100,0.2,101342.95,103960.0,39.40062355995178,greedy,2
150,18,extremes,100,0.2,101342.95,103960.0,39.400030851364136,greedy,3
151,18,extremes,100,0.2,101342.95,103960.0,39.4004545211792,greedy,4
152,19,centred,100,0.2,99519.6,104057.0,1.0499768257141113,random,1
153,19,centred,100,0.2,99519.6,155590.0,39.400675535202026,random,2
154,19,centred,100,0.2,99519.6,161730.0,39.40044665336609,random,3
155,19,centred,100,0.2,99519.6,152641.0,39.400020599365234,random,4
156,19,centred,100,0.2,99519.6,100421.0,0.04199814796447754,greedy,1
157,19,centred,100,0.2,99519.6,100353.0,39.40002679824829,greedy,2
158,19,centred,100,0.2,99519.6,100353.0,39.400901556015015,greedy,3
159,19,centred,100,0.2,99519.6,100353.0,39.400912046432495,greedy,4
160,20,discreteUniform,100,0.4,46486.325,54108.0,5.9051902294158936,random,1
161,20,discreteUniform,100,0.4,46486.325,122335.0,39.40011644363403,random,2
162,20,discreteUniform,100,0.4,46486.325,121213.0,39.400314807891846,random,3
163,20,discreteUniform,100,0.4,46486.325,152290.0,39.40078592300415,random,4
164,20,discreteUniform,100,0.4,46486.325,48882.0,0.08248496055603027,greedy,1
165,20,discreteUniform,100,0.4,46486.325,48817.0,39.40069508552551,greedy,2
166,20,discreteUniform,100,0.4,46486.325,48817.0,39.400859355926514,greedy,3
167,20,discreteUniform,100,0.4,46486.325,48817.0,39.400702714920044,greedy,4
168,21,largeJobs,100,0.4,84538.95,100538.0,4.494024991989136,random,1
169,21,largeJobs,100,0.4,84538.95,167037.0,39.412049531936646,random,2
170,21,largeJobs,100,0.4,84538.95,178367.0,39.414939641952515,random,3
171,21,largeJobs,100,0.4,84538.95,192815.0,39.40945792198181,random,4
172,21,largeJobs,100,0.4,84538.95,100118.0,0.07801318168640137,greedy,1
173,21,largeJobs,100,0.4,84538.95,99984.0,39.40330767631531,greedy,2
174,21,largeJobs,100,0.4,84538.95,99984.0,39.41487669944763,greedy,3
175,21,largeJobs,100,0.4,84538.95,99984.0,39.400534868240356,greedy,4
176,22,extremes,100,0.4,54071.775,67115.0,4.3105058670043945,random,1
177,22,extremes,100,0.4,54071.775,128721.0,39.400715589523315,random,2
178,22,extremes,100,0.4,54071.775,113980.0,39.403040409088135,random,3
179,22,extremes,100,0.4,54071.775,117950.0,39.402867555618286,random,4
180,22,extremes,100,0.4,54071.775,57522.0,0.07924485206604004,greedy,1
181,22,extremes,100,0.4,54071.775,57522.0,39.400821924209595,greedy,2
182,22,extremes,100,0.4,54071.775,57522.0,39.400922775268555,greedy,3
183,22,extremes,100,0.4,54071.775,57522.0,39.40096879005432,greedy,4
184,23,centred,100,0.4,49758.6,61420.0,2.821838140487671,random,1
185,23,centred,100,0.4,49758.6,112159.0,39.40006399154663,random,2
186,23,centred,100,0.4,49758.6,98377.0,39.40002965927124,random,3
187,23,centred,100,0.4,49758.6,109887.0,39.4003541469574,random,4
188,23,centred,100,0.4,49758.6,55790.0,0.08759570121765137,greedy,1
189,23,centred,100,0.4,49758.6,55729.0,39.41219758987427,greedy,2
190,23,centred,100,0.4,49758.6,55729.0,39.40046811103821,greedy,3
191,23,centred,100,0.4,49758.6,55729.0,39.40037798881531,greedy,4
192,24,discreteUniform,100,0.6,39900.0,39900.0,7.659725904464722,random,1
193,24,discreteUniform,100,0.6,39900.0,122789.0,39.40358209609985,random,2
194,24,discreteUniform,100,0.6,39900.0,128973.0,39.40688228607178,random,3
195,24,discreteUniform,100,0.6,39900.0,82142.0,39.40003418922424,random,4
196,24,discreteUniform,100,0.6,39900.0,39900.0,0.0,greedy,1
197,24,discreteUniform,100,0.6,39900.0,39900.0,0.0,greedy,2
198,24,discreteUniform,100,0.6,39900.0,39900.0,0.0,greedy,3
199,24,discreteUniform,100,0.6,39900.0,39900.0,0.0,greedy,4
200,25,largeJobs,100,0.6,55792.65,69740.0,8.192878484725952,random,1
201,25,largeJobs,100,0.6,55792.65,133494.0,39.40619087219238,random,2
202,25,largeJobs,100,0.6,55792.65,132869.0,39.409985065460205,random,3
203,25,largeJobs,100,0.6,55792.65,131119.0,39.40495824813843,random,4
204,25,largeJobs,100,0.6,55792.65,66882.0,0.12325167655944824,greedy,1
205,25,largeJobs,100,0.6,55792.65,66882.0,39.40735626220703,greedy,2
206,25,largeJobs,100,0.6,55792.65,66882.0,39.4028856754303,greedy,3
207,25,largeJobs,100,0.6,55792.65,66882.0,39.40178298950195,greedy,4
208,26,extremes,100,0.6,39996.0,39996.0,11.606720685958862,random,1
209,26,extremes,100,0.6,39996.0,108968.0,39.41331601142883,random,2
210,26,extremes,100,0.6,39996.0,123366.0,39.41345739364624,random,3
211,26,extremes,100,0.6,39996.0,112561.0,39.40573573112488,random,4
212,26,extremes,100,0.6,39996.0,39996.0,0.0,greedy,1
213,26,extremes,100,0.6,39996.0,39996.0,0.0,greedy,2
214,26,extremes,100,0.6,39996.0,39996.0,0.0,greedy,3
215,26,extremes,100,0.6,39996.0,39996.0,0.0,greedy,4
216,27,centred,100,0.6,33531.71666666667,45116.0,5.807769536972046,random,1
217,27,centred,100,0.6,33531.71666666667,79387.0,39.400795459747314,random,2
218,27,centred,100,0.6,33531.71666666667,111361.0,39.400946378707886,random,3
219,27,centred,100,0.6,33531.71666666667,81340.0,39.4000027179718,random,4
220,27,centred,100,0.6,33531.71666666667,36797.0,0.11850619316101074,greedy,1
221,27,centred,100,0.6,33531.71666666667,36797.0,39.40072059631348,greedy,2
222,27,centred,100,0.6,33531.71666666667,36797.0,39.40098595619202,greedy,3
223,27,centred,100,0.6,33531.71666666667,36797.0,39.400970220565796,greedy,4
224,28,discreteUniform,100,0.8,39500.0,39500.0,9.71323823928833,random,1
225,28,discreteUniform,100,0.8,39500.0,96270.0,39.410178661346436,random,2
226,28,discreteUniform,100,0.8,39500.0,102148.0,39.40070605278015,random,3
227,28,discreteUniform,100,0.8,39500.0,91233.0,39.409589529037476,random,4
228,28,discreteUniform,100,0.8,39500.0,39500.0,0.00099945068359375,greedy,1
229,28,discreteUniform,100,0.8,39500.0,39500.0,0.0,greedy,2
230,28,discreteUniform,100,0.8,39500.0,39500.0,0.0,greedy,3
231,28,discreteUniform,100,0.8,39500.0,39500.0,0.0010008811950683594,greedy,4
232,29,largeJobs,100,0.8,41910.725,62053.0,13.06294870376587,random,1
233,29,largeJobs,100,0.8,41910.725,104755.0,39.40551233291626,random,2
234,29,largeJobs,100,0.8,41910.725,193399.0,39.40010213851929,random,3
235,29,largeJobs,100,0.8,41910.725,137325.0,39.40374541282654,random,4
236,29,largeJobs,100,0.8,41910.725,60552.0,0.1491985321044922,greedy,1
237,29,largeJobs,100,0.8,41910.725,60552.0,39.414085388183594,greedy,2
238,29,largeJobs,100,0.8,41910.725,60552.0,39.40724015235901,greedy,3
239,29,largeJobs,100,0.8,41910.725,60552.0,39.40091562271118,greedy,4
240,30,extremes,100,0.8,39999.0,39999.0,4.7560648918151855,random,1
241,30,extremes,100,0.8,39999.0,105852.0,39.40132188796997,random,2
242,30,extremes,100,0.8,39999.0,88303.0,39.403295040130615,random,3
243,30,extremes,100,0.8,39999.0,100546.0,39.40405607223511,random,4
244,30,extremes,100,0.8,39999.0,39999.0,0.0,greedy,1
245,30,extremes,100,0.8,39999.0,39999.0,0.0009984970092773438,greedy,2
246,30,extremes,100,0.8,39999.0,39999.0,0.0,greedy,3
247,30,extremes,100,0.8,39999.0,39999.0,0.0,greedy,4
248,31,centred,100,0.8,34814.0,34814.0,12.903217315673828,random,1
249,31,centred,100,0.8,34814.0,89181.0,39.40625071525574,random,2
250,31,centred,100,0.8,34814.0,82776.0,39.40509843826294,random,3
251,31,centred,100,0.8,34814.0,77083.0,39.400107622146606,random,4
252,31,centred,100,0.8,34814.0,34814.0,0.0,greedy,1
253,31,centred,100,0.8,34814.0,34814.0,0.0,greedy,2
254,31,centred,100,0.8,34814.0,34814.0,0.0009996891021728516,greedy,3
255,31,centred,100,0.8,34814.0,34814.0,0.001001119613647461,greedy,4
256,32,discreteUniform,1000,0.2,97434.655,188581.0,39.40006732940674,random,1
257,32,discreteUniform,1000,0.2,97434.655,242110.0,39.40023922920227,random,2
258,32,discreteUniform,1000,0.2,97434.655,261886.0,39.40237760543823,random,3
259,32,discreteUniform,1000,0.2,97434.655,235377.0,39.40509796142578,random,4
260,32,discreteUniform,1000,0.2,97434.655,100664.0,4.328431129455566,greedy,1
261,32,discreteUniform,1000,0.2,97434.655,100664.0,39.40839409828186,greedy,2
262,32,discreteUniform,1000,0.2,97434.655,100664.0,39.40007400512695,greedy,3
263,32,discreteUniform,1000,0.2,97434.655,100664.0,39.400038719177246,greedy,4
264,33,largeJobs,1000,0.2,166187.55,367197.0,39.40070414543152,random,1
265,33,largeJobs,1000,0.2,166187.55,430715.0,39.40085816383362,random,2
266,33,largeJobs,1000,0.2,166187.55,377778.0,39.40466666221619,random,3
267,33,largeJobs,1000,0.2,166187.55,375335.0,39.400532245635986,random,4
268,33,largeJobs,1000,0.2,166187.55,168611.0,4.125919818878174,greedy,1
269,33,largeJobs,1000,0.2,166187.55,168611.0,39.40303635597229,greedy,2
270,33,largeJobs,1000,0.2,166187.55,168611.0,39.40265250205994,greedy,3
271,33,largeJobs,1000,0.2,166187.55,168611.0,39.404311180114746,greedy,4
272,34,extremes,1000,0.2,99607.375,255663.0,39.40499567985535,random,1
273,34,extremes,1000,0.2,99607.375,287208.0,39.4049015045166,random,2
274,34,extremes,1000,0.2,99607.375,249038.0,39.40140175819397,random,3
275,34,extremes,1000,0.2,99607.375,291198.0,39.40561652183533,random,4
276,34,extremes,1000,0.2,99607.375,100133.0,4.145729064941406,greedy,1
277,34,extremes,1000,0.2,99607.375,100133.0,39.40713620185852,greedy,2
278,34,extremes,1000,0.2,99607.375,100133.0,39.405598163604736,greedy,3
279,34,extremes,1000,0.2,99607.375,100133.0,39.400888204574585,greedy,4
280,35,centred,1000,0.2,100753.035,191492.0,39.414472341537476,random,1
281,35,centred,1000,0.2,100753.035,227096.0,39.40433669090271,random,2
282,35,centred,1000,0.2,100753.035,257964.0,39.40076732635498,random,3
283,35,centred,1000,0.2,100753.035,212161.0,39.407211780548096,random,4
284,35,centred,1000,0.2,100753.035,103493.0,4.117534399032593,greedy,1
285,35,centred,1000,0.2,100753.035,103493.0,39.40013003349304,greedy,2
286,35,centred,1000,0.2,100753.035,103493.0,39.40081739425659,greedy,3
287,35,centred,1000,0.2,100753.035,103493.0,39.40100431442261,greedy,4
288,36,discreteUniform,1000,0.4,49476.7025,139403.0,39.41100859642029,random,1
289,36,discreteUniform,1000,0.4,49476.7025,156372.0,39.404029846191406,random,2
290,36,discreteUniform,1000,0.4,49476.7025,191400.0,39.413586139678955,random,3
291,36,discreteUniform,1000,0.4,49476.7025,213129.0,39.41367506980896,random,4
292,36,discreteUniform,1000,0.4,49476.7025,53933.0,8.73935079574585,greedy,1
293,36,discreteUniform,1000,0.4,49476.7025,53933.0,39.40172362327576,greedy,2
294,36,discreteUniform,1000,0.4,49476.7025,53933.0,39.403892517089844,greedy,3
295,36,discreteUniform,1000,0.4,49476.7025,53933.0,39.413735151290894,greedy,4
296,37,largeJobs,1000,0.4,82805.9925,219782.0,39.4002890586853,random,1
297,37,largeJobs,1000,0.4,82805.9925,271139.0,39.4073543548584,random,2
298,37,largeJobs,1000,0.4,82805.9925,226302.0,39.40587520599365,random,3
299,37,largeJobs,1000,0.4,82805.9925,332724.0,39.40535569190979,random,4
300,37,largeJobs,1000,0.4,82805.9925,98992.0,8.916456699371338,greedy,1
301,37,largeJobs,1000,0.4,82805.9925,98992.0,39.406177043914795,greedy,2
302,37,largeJobs,1000,0.4,82805.9925,98992.0,39.406466007232666,greedy,3
303,37,largeJobs,1000,0.4,82805.9925,98992.0,39.400707721710205,greedy,4
304,38,extremes,1000,0.4,52188.25,170413.0,39.400577545166016,random,1
305,38,extremes,1000,0.4,52188.25,191641.0,39.40232467651367,random,2
306,38,extremes,1000,0.4,52188.25,220615.0,39.4044406414032,random,3
307,38,extremes,1000,0.4,52188.25,182970.0,39.40121293067932,random,4
308,38,extremes,1000,0.4,52188.25,56727.0,8.231449604034424,greedy,1
309,38,extremes,1000,0.4,52188.25,56727.0,39.40690207481384,greedy,2
310,38,extremes,1000,0.4,52188.25,56727.0,39.40406394004822,greedy,3
311,38,extremes,1000,0.4,52188.25,56727.0,39.40444588661194,greedy,4
312,39,centred,1000,0.4,50669.5075,149918.0,39.403984785079956,random,1
313,39,centred,1000,0.4,50669.5075,154756.0,39.40002751350403,random,2
314,39,centred,1000,0.4,50669.5075,155657.0,39.40021586418152,random,3
315,39,centred,1000,0.4,50669.5075,158394.0,39.40009355545044,random,4
316,39,centred,1000,0.4,50669.5075,57972.0,8.15904450416565,greedy,1
317,39,centred,1000,0.4,50669.5075,57972.0,39.400800704956055,greedy,2
318,39,centred,1000,0.4,50669.5075,57972.0,39.40741968154907,greedy,3
319,39,centred,1000,0.4,50669.5075,57972.0,39.400405168533325,greedy,4
320,40,discreteUniform,1000,0.6,39946.0,150472.0,39.4010546207428,random,1
321,40,discreteUniform,1000,0.6,39946.0,144540.0,39.400219440460205,random,2
322,40,discreteUniform,1000,0.6,39946.0,150159.0,39.40017628669739,random,3
323,40,discreteUniform,1000,0.6,39946.0,138320.0,39.40136384963989,random,4
324,40,discreteUniform,1000,0.6,39946.0,39946.0,0.0,greedy,1
325,40,discreteUniform,1000,0.6,39946.0,39946.0,0.0,greedy,2
326,40,discreteUniform,1000,0.6,39946.0,39946.0,0.0,greedy,3
327,40,discreteUniform,1000,0.6,39946.0,39946.0,0.0,greedy,4
328,41,largeJobs,1000,0.6,55272.32166666666,171489.0,39.41252136230469,random,1
329,41,largeJobs,1000,0.6,55272.32166666666,209257.0,39.400078535079956,random,2
330,41,largeJobs,1000,0.6,55272.32166666666,212179.0,39.40460538864136,random,3
331,41,largeJobs,1000,0.6,55272.32166666666,202194.0,39.41211819648743,random,4
332,41,largeJobs,1000,0.6,55272.32166666666,65522.0,12.433371543884277,greedy,1
333,41,largeJobs,1000,0.6,55272.32166666666,65522.0,39.40465307235718,greedy,2
334,41,largeJobs,1000,0.6,55272.32166666666,65522.0,39.40126943588257,greedy,3
335,41,largeJobs,1000,0.6,55272.32166666666,65522.0,39.40230059623718,greedy,4
336,42,extremes,1000,0.6,39999.0,159437.0,39.41117310523987,random,1
337,42,extremes,1000,0.6,39999.0,150502.0,39.40375471115112,random,2
338,42,extremes,1000,0.6,39999.0,161087.0,39.40871477127075,random,3
339,42,extremes,1000,0.6,39999.0,149458.0,39.40389943122864,random,4
340,42,extremes,1000,0.6,39999.0,39999.0,0.002036571502685547,greedy,1
341,42,extremes,1000,0.6,39999.0,39999.0,0.0,greedy,2
342,42,extremes,1000,0.6,39999.0,39999.0,0.0035364627838134766,greedy,3
343,42,extremes,1000,0.6,39999.0,39999.0,0.0,greedy,4
344,43,centred,1000,0.6,37379.0,112283.0,39.401630878448486,random,1
345,43,centred,1000,0.6,37379.0,125820.0,39.40088081359863,random,2
346,43,centred,1000,0.6,37379.0,159122.0,39.400601387023926,random,3
347,43,centred,1000,0.6,37379.0,127478.0,39.40772986412048,random,4
348,43,centred,1000,0.6,37379.0,37379.0,0.0020728111267089844,greedy,1
349,43,centred,1000,0.6,37379.0,37379.0,0.0,greedy,2
350,43,centred,1000,0.6,37379.0,37379.0,0.0,greedy,3
351,43,centred,1000,0.6,37379.0,37379.0,0.0,greedy,4
352,44,discreteUniform,1000,0.8,39955.0,116165.0,39.40089154243469,random,1
353,44,discreteUniform,1000,0.8,39955.0,133859.0,39.40229916572571,random,2
354,44,discreteUniform,1000,0.8,39955.0,104005.0,39.40029311180115,random,3
355,44,discreteUniform,1000,0.8,39955.0,126244.0,39.407411336898804,random,4
356,44,discreteUniform,1000,0.8,39955.0,39955.0,0.0020749568939208984,greedy,1
357,44,discreteUniform,1000,0.8,39955.0,39955.0,0.0,greedy,2
358,44,discreteUniform,1000,0.8,39955.0,39955.0,0.0,greedy,3
359,44,discreteUniform,1000,0.8,39955.0,39955.0,0.0,greedy,4
360,45,largeJobs,1000,0.8,41546.955,169347.0,39.4057252407074,random,1
361,45,largeJobs,1000,0.8,41546.955,286660.0,39.40205478668213,random,2
362,45,largeJobs,1000,0.8,41546.955,173587.0,39.4071102142334,random,3
363,45,largeJobs,1000,0.8,41546.955,180901.0,39.40049386024475,random,4
364,45,largeJobs,1000,0.8,41546.955,59978.0,16.394364595413208,greedy,1
365,45,largeJobs,1000,0.8,41546.955,59978.0,39.40095043182373,greedy,2
366,45,largeJobs,1000,0.8,41546.955,59978.0,39.40096831321716,greedy,3
367,45,largeJobs,1000,0.8,41546.955,59978.0,39.40000939369202,greedy,4
368,46,extremes,1000,0.8,40000.0,110315.0,39.40748167037964,random,1
369,46,extremes,1000,0.8,40000.0,159785.0,39.40418076515198,random,2
370,46,extremes,1000,0.8,40000.0,142893.0,39.40066933631897,random,3
371,46,extremes,1000,0.8,40000.0,127156.0,39.403780937194824,random,4
372,46,extremes,1000,0.8,40000.0,40000.0,0.0,greedy,1
373,46,extremes,1000,0.8,40000.0,40000.0,0.0,greedy,2
374,46,extremes,1000,0.8,40000.0,40000.0,0.0,greedy,3
375,46,extremes,1000,0.8,40000.0,40000.0,0.0,greedy,4
376,47,centred,1000,0.8,37420.0,112057.0,39.40028214454651,random,1
377,47,centred,1000,0.8,37420.0,142251.0,39.407586336135864,random,2
378,47,centred,1000,0.8,37420.0,118939.0,39.40792775154114,random,3
379,47,centred,1000,0.8,37420.0,115852.0,39.41259551048279,random,4
380,47,centred,1000,0.8,37420.0,37420.0,0.0,greedy,1
381,47,centred,1000,0.8,37420.0,37420.0,0.0,greedy,2
382,47,centred,1000,0.8,37420.0,37420.0,0.0,greedy,3
383,47,centred,1000,0.8,37420.0,37420.0,0.0,greedy,4
384,48,discreteUniform,10000,0.2,99529.434,281598.0,39.40433382987976,random,1
385,48,discreteUniform,10000,0.2,99529.434,296364.0,39.41108751296997,random,2
386,48,discreteUniform,10000,0.2,99529.434,326019.0,39.40214562416077,random,3
387,48,discreteUniform,10000,0.2,99529.434,274303.0,39.40214419364929,random,4
388,48,discreteUniform,10000,0.2,99529.434,103201.0,39.40566968917847,greedy,1
389,48,discreteUniform,10000,0.2,99529.434,103201.0,39.40023732185364,greedy,2
390,48,discreteUniform,10000,0.2,99529.434,103201.0,39.41217637062073,greedy,3
391,48,discreteUniform,10000,0.2,99529.434,103201.0,39.40196752548218,greedy,4
392,49,largeJobs,10000,0.2,166612.6965,458076.0,39.400310754776,random,1
393,49,largeJobs,10000,0.2,166612.6965,457229.0,39.410144090652466,random,2
394,49,largeJobs,10000,0.2,166612.6965,471809.0,39.411797761917114,random,3
395,49,largeJobs,10000,0.2,166612.6965,532235.0,39.40074062347412,random,4
396,49,largeJobs,10000,0.2,166612.6965,169008.0,39.40519833564758,greedy,1
397,49,largeJobs,10000,0.2,166612.6965,169008.0,39.4060332775116,greedy,2
398,49,largeJobs,10000,0.2,166612.6965,169008.0,39.402098178863525,greedy,3
399,49,largeJobs,10000,0.2,166612.6965,169008.0,39.41135787963867,greedy,4
400,50,extremes,10000,0.2,101936.464,365853.0,39.41232395172119,random,1
401,50,extremes,10000,0.2,101936.464,351208.0,39.40721368789673,random,2
402,50,extremes,10000,0.2,101936.464,293187.0,39.40466070175171,random,3
403,50,extremes,10000,0.2,101936.464,313386.0,39.40655851364136,random,4
404,50,extremes,10000,0.2,101936.464,102403.0,39.40048789978027,greedy,1
405,50,extremes,10000,0.2,101936.464,102403.0,39.40158677101135,greedy,2
406,50,extremes,10000,0.2,101936.464,102403.0,39.40227293968201,greedy,3
407,50,extremes,10000,0.2,101936.464,102403.0,39.41560745239258,greedy,4
408,51,centred,10000,0.2,99171.128,279592.0,39.4005868434906,random,1
409,51,centred,10000,0.2,99171.128,322820.0,39.403228759765625,random,2
410,51,centred,10000,0.2,99171.128,299143.0,39.412269830703735,random,3
411,51,centred,10000,0.2,99171.128,341113.0,39.40024948120117,random,4
412,51,centred,10000,0.2,99171.128,101365.0,39.40250062942505,greedy,1
413,51,centred,10000,0.2,99171.128,101365.0,39.40827178955078,greedy,2
414,51,centred,10000,0.2,99171.128,101365.0,39.40897870063782,greedy,3
415,51,centred,10000,0.2,99171.128,101365.0,39.40102291107178,greedy,4
416,52,discreteUniform,10000,0.4,49862.44,221923.0,39.40590023994446,random,1
417,52,discreteUniform,10000,0.4,49862.44,244036.0,39.40083575248718,random,2
418,52,discreteUniform,10000,0.4,49862.44,205639.0,39.40027642250061,random,3
419,52,discreteUniform,10000,0.4,49862.44,245403.0,39.414352893829346,random,4
420,52,discreteUniform,10000,0.4,49862.44,55415.0,39.40392589569092,greedy,1
421,52,discreteUniform,10000,0.4,49862.44,55415.0,39.40065312385559,greedy,2
422,52,discreteUniform,10000,0.4,49862.44,55415.0,39.40072202682495,greedy,3
423,52,discreteUniform,10000,0.4,49862.44,55415.0,39.41153931617737,greedy,4
424,53,largeJobs,10000,0.4,83264.62125,356519.0,39.407623291015625,random,1
425,53,largeJobs,10000,0.4,83264.62125,353709.0,39.40689182281494,random,2
426,53,largeJobs,10000,0.4,83264.62125,305002.0,39.400216579437256,random,3
427,53,largeJobs,10000,0.4,83264.62125,326238.0,39.40028142929077,random,4
428,53,largeJobs,10000,0.4,83264.62125,99765.0,39.40195441246033,greedy,1
429,53,largeJobs,10000,0.4,83264.62125,99765.0,39.40189027786255,greedy,2
430,53,largeJobs,10000,0.4,83264.62125,99765.0,39.400044679641724,greedy,3
431,53,largeJobs,10000,0.4,83264.62125,99765.0,39.40030026435852,greedy,4
432,54,extremes,10000,0.4,50077.688,234827.0,39.40095901489258,random,1
433,54,extremes,10000,0.4,50077.688,255943.0,39.400229930877686,random,2
434,54,extremes,10000,0.4,50077.688,229802.0,39.40567946434021,random,3
435,54,extremes,10000,0.4,50077.688,248513.0,39.40860366821289,random,4
436,54,extremes,10000,0.4,50077.688,52455.0,39.402488708496094,greedy,1
437,54,extremes,10000,0.4,50077.688,52455.0,39.4003472328186,greedy,2
438,54,extremes,10000,0.4,50077.688,52455.0,39.401087522506714,greedy,3
439,54,extremes,10000,0.4,50077.688,52455.0,39.40787720680237,greedy,4
440,55,centred,10000,0.4,50142.17775,215735.0,39.415313959121704,random,1
441,55,centred,10000,0.4,50142.17775,202876.0,39.400227785110474,random,2
442,55,centred,10000,0.4,50142.17775,194070.0,39.405611753463745,random,3
443,55,centred,10000,0.4,50142.17775,211278.0,39.40070295333862,random,4
444,55,centred,10000,0.4,50142.17775,57869.0,39.40035820007324,greedy,1
445,55,centred,10000,0.4,50142.17775,57869.0,39.40097951889038,greedy,2
446,55,centred,10000,0.4,50142.17775,57869.0,39.41065692901611,greedy,3
447,55,centred,10000,0.4,50142.17775,57869.0,39.40016198158264,greedy,4
448,56,discreteUniform,10000,0.6,39998.0,207462.0,39.4106879234314,random,1
449,56,discreteUniform,10000,0.6,39998.0,194467.0,39.4069709777832,random,2
450,56,discreteUniform,10000,0.6,39998.0,170270.0,39.40618920326233,random,3
451,56,discreteUniform,10000,0.6,39998.0,186683.0,39.415576696395874,random,4
452,56,discreteUniform,10000,0.6,39998.0,39998.0,0.04520845413208008,greedy,1
453,56,discreteUniform,10000,0.6,39998.0,39998.0,0.12082314491271973,greedy,2
454,56,discreteUniform,10000,0.6,39998.0,39998.0,0.03125262260437012,greedy,3
455,56,discreteUniform,10000,0.6,39998.0,39998.0,0.019643306732177734,greedy,4
456,57,largeJobs,10000,0.6,55484.30066666667,272093.0,39.41391611099243,random,1
457,57,largeJobs,10000,0.6,55484.30066666667,260228.0,39.40151500701904,random,2
458,57,largeJobs,10000,0.6,55484.30066666667,293801.0,39.40563917160034,random,3
459,57,largeJobs,10000,0.6,55484.30066666667,278231.0,39.40209436416626,random,4
460,57,largeJobs,10000,0.6,55484.30066666667,65924.0,39.400529623031616,greedy,1
461,57,largeJobs,10000,0.6,55484.30066666667,65924.0,39.405842781066895,greedy,2
462,57,largeJobs,10000,0.6,55484.30066666667,65924.0,39.40307021141052,greedy,3
463,57,largeJobs,10000,0.6,55484.30066666667,65924.0,39.40132284164429,greedy,4
464,58,extremes,10000,0.6,40000.0,221162.0,39.405097007751465,random,1
465,58,extremes,10000,0.6,40000.0,197904.0,39.40663719177246,random,2
466,58,extremes,10000,0.6,40000.0,210582.0,39.40150809288025,random,3
467,58,extremes,10000,0.6,40000.0,226247.0,39.40091061592102,random,4
468,58,extremes,10000,0.6,40000.0,40000.0,0.010524988174438477,greedy,1
469,58,extremes,10000,0.6,40000.0,40000.0,0.026830673217773438,greedy,2
470,58,extremes,10000,0.6,40000.0,40000.0,0.0762937068939209,greedy,3
471,58,extremes,10000,0.6,40000.0,40000.0,0.020984411239624023,greedy,4
472,59,centred,10000,0.6,38980.0,183390.0,39.40637564659119,random,1
473,59,centred,10000,0.6,38980.0,174874.0,39.40020561218262,random,2
474,59,centred,10000,0.6,38980.0,166069.0,39.400474548339844,random,3
475,59,centred,10000,0.6,38980.0,175321.0,39.409114360809326,random,4
476,59,centred,10000,0.6,38980.0,38980.0,0.022911787033081055,greedy,1
477,59,centred,10000,0.6,38980.0,38980.0,0.016764402389526367,greedy,2
478,59,centred,10000,0.6,38980.0,38980.0,0.015626907348632812,greedy,3
479,59,centred,10000,0.6,38980.0,38980.0,0.0312497615814209,greedy,4
480,60,discreteUniform,10000,0.8,39997.0,171509.0,39.40437173843384,random,1
481,60,discreteUniform,10000,0.8,39997.0,166200.0,39.40343928337097,random,2
482,60,discreteUniform,10000,0.8,39997.0,192100.0,39.40153169631958,random,3
483,60,discreteUniform,10000,0.8,39997.0,190476.0,39.400824785232544,random,4
484,60,discreteUniform,10000,0.8,39997.0,39997.0,0.02834486961364746,greedy,1
485,60,discreteUniform,10000,0.8,39997.0,39997.0,0.03631472587585449,greedy,2
486,60,discreteUniform,10000,0.8,39997.0,39997.0,0.03125286102294922,greedy,3
487,60,discreteUniform,10000,0.8,39997.0,39997.0,0.0312497615814209,greedy,4
488,61,largeJobs,10000,0.8,41612.16275,305454.0,39.41195774078369,random,1
489,61,largeJobs,10000,0.8,41612.16275,243773.0,39.40049600601196,random,2
490,61,largeJobs,10000,0.8,41612.16275,260608.0,39.40071892738342,random,3
491,61,largeJobs,10000,0.8,41612.16275,283305.0,39.40049982070923,random,4
492,61,largeJobs,10000,0.8,41612.16275,59940.0,39.407421827316284,greedy,1
493,61,largeJobs,10000,0.8,41612.16275,59940.0,39.41275143623352,greedy,2
494,61,largeJobs,10000,0.8,41612.16275,59940.0,39.40698456764221,greedy,3
495,61,largeJobs,10000,0.8,41612.16275,59940.0,39.41131639480591,greedy,4
496,62,extremes,10000,0.8,40000.0,186224.0,39.41508889198303,random,1
497,62,extremes,10000,0.8,40000.0,191315.0,39.40079045295715,random,2
498,62,extremes,10000,0.8,40000.0,171070.0,39.40069770812988,random,3
499,62,extremes,10000,0.8,40000.0,193684.0,39.400734424591064,random,4
500,62,extremes,10000,0.8,40000.0,40000.0,0.01703500747680664,greedy,1
501,62,extremes,10000,0.8,40000.0,40000.0,0.017149925231933594,greedy,2
502,62,extremes,10000,0.8,40000.0,40000.0,0.07274222373962402,greedy,3
503,62,extremes,10000,0.8,40000.0,40000.0,0.016988039016723633,greedy,4
504,63,centred,10000,0.8,38144.0,165073.0,39.40155601501465,random,1
505,63,centred,10000,0.8,38144.0,161246.0,39.40008592605591,random,2
506,63,centred,10000,0.8,38144.0,146230.0,39.40052390098572,random,3
507,63,centred,10000,0.8,38144.0,139151.0,39.40007209777832,random,4
508,63,centred,10000,0.8,38144.0,38144.0,0.017986536026000977,greedy,1
509,63,centred,10000,0.8,38144.0,38144.0,0.016988754272460938,greedy,2
510,63,centred,10000,0.8,38144.0,38144.0,0.018986940383911133,greedy,3
511,63,centred,10000,0.8,38144.0,38144.0,0.01898670196533203,greedy,4
512,64,discreteUniform,100000,0.2,100328.79195,353432.0,39.401591777801514,random,1
513,64,discreteUniform,100000,0.2,100328.79195,371440.0,39.402042627334595,random,2
514,64,discreteUniform,100000,0.2,100328.79195,397946.0,39.40981483459473,random,3
515,64,discreteUniform,100000,0.2,100328.79195,385671.0,39.40173006057739,random,4
516,64,discreteUniform,100000,0.2,100328.79195,104263.0,39.40591788291931,greedy,1
517,64,discreteUniform,100000,0.2,100328.79195,104263.0,39.40109038352966,greedy,2
518,64,discreteUniform,100000,0.2,100328.79195,104263.0,39.40107536315918,greedy,3
519,64,discreteUniform,100000,0.2,100328.79195,104263.0,39.40655159950256,greedy,4
520,65,largeJobs,100000,0.2,166658.4839,558133.0,39.40185832977295,random,1
521,65,largeJobs,100000,0.2,166658.4839,528886.0,39.4020254611969,random,2
522,65,largeJobs,100000,0.2,166658.4839,527678.0,39.406615257263184,random,3
523,65,largeJobs,100000,0.2,166658.4839,536330.0,39.40210461616516,random,4
524,65,largeJobs,100000,0.2,166658.4839,169138.0,39.40032386779785,greedy,1
525,65,largeJobs,100000,0.2,166658.4839,169138.0,39.413774728775024,greedy,2
526,65,largeJobs,100000,0.2,166658.4839,169138.0,39.412463903427124,greedy,3
527,65,largeJobs,100000,0.2,166658.4839,169138.0,39.40165138244629,greedy,4
528,66,extremes,100000,0.2,100065.4158,415349.0,39.40130829811096,random,1
529,66,extremes,100000,0.2,100065.4158,357152.0,39.40403699874878,random,2
530,66,extremes,100000,0.2,100065.4158,372006.0,39.40175533294678,random,3
531,66,extremes,100000,0.2,100065.4158,348409.0,39.40224504470825,random,4
532,66,extremes,100000,0.2,100065.4158,100182.0,39.40293884277344,greedy,1
533,66,extremes,100000,0.2,100065.4158,100182.0,39.404890298843384,greedy,2
534,66,extremes,100000,0.2,100065.4158,100182.0,39.405314445495605,greedy,3
535,66,extremes,100000,0.2,100065.4158,100182.0,39.404376745224,greedy,4
536,67,centred,100000,0.2,99894.6358,344202.0,39.400259256362915,random,1
537,67,centred,100000,0.2,99894.6358,396652.0,39.41364026069641,random,2
538,67,centred,100000,0.2,99894.6358,352081.0,39.41582632064819,random,3
539,67,centred,100000,0.2,99894.6358,328431.0,39.40123248100281,random,4
540,67,centred,100000,0.2,99894.6358,102208.0,39.406906843185425,greedy,1
541,67,centred,100000,0.2,99894.6358,102208.0,39.4101676940918,greedy,2
542,67,centred,100000,0.2,99894.6358,102208.0,39.402087926864624,greedy,3
543,67,centred,100000,0.2,99894.6358,102208.0,39.4003119468689,greedy,4
544,68,discreteUniform,100000,0.4,50072.76395,273458.0,39.4015576839447,random,1
545,68,discreteUniform,100000,0.4,50072.76395,260736.0,39.40750789642334,random,2
546,68,discreteUniform,100000,0.4,50072.76395,290826.0,39.40891480445862,random,3
547,68,discreteUniform,100000,0.4,50072.76395,291471.0,39.40403723716736,random,4
548,68,discreteUniform,100000,0.4,50072.76395,55952.0,39.40330362319946,greedy,1
549,68,discreteUniform,100000,0.4,50072.76395,55952.0,39.40644550323486,greedy,2
550,68,discreteUniform,100000,0.4,50072.76395,55952.0,39.40167212486267,greedy,3
551,68,discreteUniform,100000,0.4,50072.76395,55952.0,39.41386580467224,greedy,4
552,69,largeJobs,100000,0.4,83331.3304,370822.0,39.400280237197876,random,1
553,69,largeJobs,100000,0.4,83331.3304,349226.0,39.40875577926636,random,2
554,69,largeJobs,100000,0.4,83331.3304,391991.0,39.4022433757782,random,3
555,69,largeJobs,100000,0.4,83331.3304,392686.0,39.401999950408936,random,4
556,69,largeJobs,100000,0.4,83331.3304,99634.0,39.4000940322876,greedy,1
557,69,largeJobs,100000,0.4,83331.3304,99634.0,39.40506935119629,greedy,2
558,69,largeJobs,100000,0.4,83331.3304,99634.0,39.404258012771606,greedy,3
559,69,largeJobs,100000,0.4,83331.3304,99634.0,39.40140080451965,greedy,4
560,70,extremes,100000,0.4,49930.51855,322846.0,39.40141034126282,random,1
561,70,extremes,100000,0.4,49930.51855,261226.0,39.40192627906799,random,2
562,70,extremes,100000,0.4,49930.51855,296260.0,39.40618443489075,random,3
563,70,extremes,100000,0.4,49930.51855,281347.0,39.401315450668335,random,4
564,70,extremes,100000,0.4,49930.51855,52075.0,39.40161728858948,greedy,1
565,70,extremes,100000,0.4,49930.51855,52075.0,39.41208362579346,greedy,2
566,70,extremes,100000,0.4,49930.51855,52075.0,39.40113687515259,greedy,3
567,70,extremes,100000,0.4,49930.51855,52075.0,39.40110182762146,greedy,4
568,71,centred,100000,0.4,49953.21485,236501.0,39.40477991104126,random,1
569,71,centred,100000,0.4,49953.21485,262864.0,39.406691551208496,random,2
570,71,centred,100000,0.4,49953.21485,252260.0,39.402344703674316,random,3
571,71,centred,100000,0.4,49953.21485,253020.0,39.40080285072327,random,4
572,71,centred,100000,0.4,49953.21485,57605.0,39.40547156333923,greedy,1
573,71,centred,100000,0.4,49953.21485,57605.0,39.4019341468811,greedy,2
574,71,centred,100000,0.4,49953.21485,57605.0,39.40126705169678,greedy,3
575,71,centred,100000,0.4,49953.21485,57605.0,39.40495204925537,greedy,4
576,72,discreteUniform,100000,0.6,40000.0,226034.0,39.400227308273315,random,1
577,72,discreteUniform,100000,0.6,40000.0,209788.0,39.40768647193909,random,2
578,72,discreteUniform,100000,0.6,40000.0,222521.0,39.40222716331482,random,3
579,72,discreteUniform,100000,0.6,40000.0,271944.0,39.40595316886902,random,4
580,72,discreteUniform,100000,0.6,40000.0,40000.0,0.2850375175476074,greedy,1
581,72,discreteUniform,100000,0.6,40000.0,40000.0,0.2908346652984619,greedy,2
582,72,discreteUniform,100000,0.6,40000.0,40000.0,0.36917781829833984,greedy,3
583,72,discreteUniform,100000,0.6,40000.0,40000.0,0.22659897804260254,greedy,4
584,73,largeJobs,100000,0.6,55558.868,298334.0,39.40172624588013,random,1
585,73,largeJobs,100000,0.6,55558.868,340284.0,39.404869079589844,random,2
586,73,largeJobs,100000,0.6,55558.868,326789.0,39.401991844177246,random,3
587,73,largeJobs,100000,0.6,55558.868,310411.0,39.40178203582764,random,4
588,73,largeJobs,100000,0.6,55558.868,65989.0,39.40343236923218,greedy,1
589,73,largeJobs,100000,0.6,55558.868,65989.0,39.40389347076416,greedy,2
590,73,largeJobs,100000,0.6,55558.868,65989.0,39.40824365615845,greedy,3
591,73,largeJobs,100000,0.6,55558.868,65989.0,39.40230751037598,greedy,4
592,74,extremes,100000,0.6,40000.0,246514.0,39.40152168273926,random,1
593,74,extremes,100000,0.6,40000.0,258279.0,39.40130376815796,random,2
594,74,extremes,100000,0.6,40000.0,213539.0,39.41462182998657,random,3
595,74,extremes,100000,0.6,40000.0,223247.0,39.402541160583496,random,4
596,74,extremes,100000,0.6,40000.0,40000.0,0.29169321060180664,greedy,1
597,74,extremes,100000,0.6,40000.0,40000.0,0.28775978088378906,greedy,2
598,74,extremes,100000,0.6,40000.0,40000.0,0.24776482582092285,greedy,3
599,74,extremes,100000,0.6,40000.0,40000.0,0.3751256465911865,greedy,4
600,75,centred,100000,0.6,39144.0,216380.0,39.40127420425415,random,1
601,75,centred,100000,0.6,39144.0,218421.0,39.410735845565796,random,2
602,75,centred,100000,0.6,39144.0,230503.0,39.40756916999817,random,3
603,75,centred,100000,0.6,39144.0,221583.0,39.40522623062134,random,4
604,75,centred,100000,0.6,39144.0,39144.0,0.28482961654663086,greedy,1
605,75,centred,100000,0.6,39144.0,39144.0,0.4008631706237793,greedy,2
606,75,centred,100000,0.6,39144.0,39144.0,0.3164222240447998,greedy,3
607,75,centred,100000,0.6,39144.0,39144.0,0.32815051078796387,greedy,4
608,76,discreteUniform,100000,0.8,40000.0,201871.0,39.40626001358032,random,1
609,76,discreteUniform,100000,0.8,40000.0,198208.0,39.40953707695007,random,2
610,76,discreteUniform,100000,0.8,40000.0,205736.0,39.40033435821533,random,3
611,76,discreteUniform,100000,0.8,40000.0,200779.0,39.402424573898315,random,4
612,76,discreteUniform,100000,0.8,40000.0,40000.0,0.26504015922546387,greedy,1
613,76,discreteUniform,100000,0.8,40000.0,40000.0,0.26065683364868164,greedy,2
614,76,discreteUniform,100000,0.8,40000.0,40000.0,0.2630319595336914,greedy,3
615,76,discreteUniform,100000,0.8,40000.0,40000.0,0.2692742347717285,greedy,4
616,77,largeJobs,100000,0.8,41659.402875,341081.0,39.41357660293579,random,1
617,77,largeJobs,100000,0.8,41659.402875,351777.0,39.411320209503174,random,2
618,77,largeJobs,100000,0.8,41659.402875,280525.0,39.405086517333984,random,3
619,77,largeJobs,100000,0.8,41659.402875,264167.0,39.4072949886322,random,4
620,77,largeJobs,100000,0.8,41659.402875,60107.0,39.40236806869507,greedy,1
621,77,largeJobs,100000,0.8,41659.402875,60107.0,39.40011239051819,greedy,2
622,77,largeJobs,100000,0.8,41659.402875,60107.0,39.40311884880066,greedy,3
623,77,largeJobs,100000,0.8,41659.402875,60107.0,39.40320658683777,greedy,4
624,78,extremes,100000,0.8,40000.0,206391.0,39.414395332336426,random,1
625,78,extremes,100000,0.8,40000.0,216789.0,39.40822911262512,random,2
626,78,extremes,100000,0.8,40000.0,223874.0,39.40289092063904,random,3
627,78,extremes,100000,0.8,40000.0,214480.0,39.402774810791016,random,4
628,78,extremes,100000,0.8,40000.0,40000.0,0.30998992919921875,greedy,1
629,78,extremes,100000,0.8,40000.0,40000.0,0.3205716609954834,greedy,2
630,78,extremes,100000,0.8,40000.0,40000.0,0.27826857566833496,greedy,3
631,78,extremes,100000,0.8,40000.0,40000.0,0.27907371520996094,greedy,4
632,79,centred,100000,0.8,39400.0,194490.0,39.4046094417572,random,1
633,79,centred,100000,0.8,39400.0,191333.0,39.40117812156677,random,2
634,79,centred,100000,0.8,39400.0,197409.0,39.414578914642334,random,3
635,79,centred,100000,0.8,39400.0,185273.0,39.40369629859924,random,4
636,79,centred,100000,0.8,39400.0,39400.0,0.32025671005249023,greedy,1
637,79,centred,100000,0.8,39400.0,39400.0,0.41198253631591797,greedy,2
638,79,centred,100000,0.8,39400.0,39400.0,0.32219529151916504,greedy,3
639,79,centred,100000,0.8,39400.0,39400.0,0.30112123489379883,greedy,4
