,jobDist,n,m,lowerBound,liftedLowerBound
0,discreteUniform,10,2,83678.0,83678.0
1,discreteUniform,10,2,76275.5,76275.5
2,discreteUniform,10,2,99790.0,99790.0
3,discreteUniform,10,2,101747.0,101747.0
4,discreteUniform,10,2,127758.5,127758.5
5,discreteUniform,10,2,110093.0,110093.0
6,discreteUniform,10,2,68419.0,68419.0
7,discreteUniform,10,2,83421.5,83421.5
8,discreteUniform,10,2,90017.5,90017.5
9,discreteUniform,10,2,111186.0,111186.0
10,largeJobs,10,2,165135.5,165135.5
11,largeJobs,10,2,173677.0,173677.0
12,largeJobs,10,2,162669.5,162669.5
13,largeJobs,10,2,176380.0,176380.0
14,largeJobs,10,2,160723.0,160723.0
15,largeJobs,10,2,174409.5,174409.5
16,largeJobs,10,2,172445.5,172445.5
17,largeJobs,10,2,167904.0,167904.0
18,largeJobs,10,2,177613.5,177613.5
19,largeJobs,10,2,163360.0,163360.0
20,extremes,10,2,160520.5,160520.5
21,extremes,10,2,87907.5,87907.5
22,extremes,10,2,131501.0,135805.0
23,extremes,10,2,141933.5,141933.5
24,extremes,10,2,95345.0,95345.0
25,extremes,10,2,61789.5,61789.5
26,extremes,10,2,122338.5,122338.5
27,extremes,10,2,107216.5,107216.5
28,extremes,10,2,104485.0,104485.0
29,extremes,10,2,122053.5,122053.5
30,centred,10,2,102981.0,102981.0
31,centred,10,2,97518.5,97518.5
32,centred,10,2,96525.5,96525.5
33,centred,10,2,83944.5,83944.5
34,centred,10,2,95345.5,95345.5
35,centred,10,2,95529.0,95529.0
36,centred,10,2,112678.0,112678.0
37,centred,10,2,94199.0,94199.0
38,centred,10,2,104755.0,104755.0
39,centred,10,2,87241.5,87241.5
40,discreteUniform,10,4,57331.25,57331.25
41,discreteUniform,10,4,49435.5,55884.0
42,discreteUniform,10,4,63148.0,63148.0
43,discreteUniform,10,4,40969.5,45654.0
44,discreteUniform,10,4,45419.5,45528.333333333336
45,discreteUniform,10,4,48676.5,48676.5
46,discreteUniform,10,4,54598.25,58554.0
47,discreteUniform,10,4,39623.75,39623.75
48,discreteUniform,10,4,40572.5,41549.0
49,discreteUniform,10,4,54978.5,54978.5
50,largeJobs,10,4,84329.0,94405.0
51,largeJobs,10,4,84176.0,92480.0
52,largeJobs,10,4,82592.25,93322.0
53,largeJobs,10,4,88422.0,100793.5
54,largeJobs,10,4,83034.75,95626.0
55,largeJobs,10,4,86744.5,98592.5
56,largeJobs,10,4,83473.0,92539.0
57,largeJobs,10,4,83997.75,94734.0
58,largeJobs,10,4,76161.0,83221.0
59,largeJobs,10,4,81116.5,87590.5
60,extremes,10,4,36704.0,36704.0
61,extremes,10,4,63165.25,73767.0
62,extremes,10,4,52326.25,52326.25
63,extremes,10,4,58669.75,58669.75
64,extremes,10,4,44424.5,56306.0
65,extremes,10,4,58493.75,58493.75
66,extremes,10,4,54348.25,55055.333333333336
67,extremes,10,4,47935.5,60295.0
68,extremes,10,4,35078.0,35078.0
69,extremes,10,4,51971.25,56304.0
70,centred,10,4,47260.75,49527.0
71,centred,10,4,54665.0,54665.0
72,centred,10,4,39757.75,39757.75
73,centred,10,4,60172.75,61706.0
74,centred,10,4,49172.5,49172.5
75,centred,10,4,47804.25,47804.25
76,centred,10,4,58860.75,58860.75
77,centred,10,4,42181.75,42181.75
78,centred,10,4,49546.75,49546.75
79,centred,10,4,53705.0,53705.0
80,discreteUniform,10,6,37531.833333333336,39253.0
81,discreteUniform,10,6,36107.0,36107.0
82,discreteUniform,10,6,42103.166666666664,44774.666666666664
83,discreteUniform,10,6,37861.0,37861.0
84,discreteUniform,10,6,43810.0,60781.0
85,discreteUniform,10,6,31213.0,36299.0
86,discreteUniform,10,6,35292.0,35292.0
87,discreteUniform,10,6,36380.666666666664,49413.0
88,discreteUniform,10,6,38982.0,38982.0
89,discreteUniform,10,6,34221.0,34221.0
90,largeJobs,10,6,56819.0,66137.25
91,largeJobs,10,6,55526.833333333336,67419.0
92,largeJobs,10,6,57275.333333333336,69316.0
93,largeJobs,10,6,52359.833333333336,62208.0
94,largeJobs,10,6,53188.666666666664,64362.0
95,largeJobs,10,6,56213.833333333336,65269.0
96,largeJobs,10,6,55991.833333333336,67171.0
97,largeJobs,10,6,57074.333333333336,67482.0
98,largeJobs,10,6,57643.166666666664,68952.0
99,largeJobs,10,6,51792.166666666664,60400.0
100,extremes,10,6,29980.0,29980.0
101,extremes,10,6,39782.0,39782.0
102,extremes,10,6,36101.0,36101.0
103,extremes,10,6,48292.166666666664,64220.0
104,extremes,10,6,39373.0,40465.0
105,extremes,10,6,39028.0,39028.0
106,extremes,10,6,39532.0,58682.0
107,extremes,10,6,44423.166666666664,55361.0
108,extremes,10,6,39950.0,39950.0
109,extremes,10,6,44606.333333333336,58715.0
110,centred,10,6,31342.333333333332,36065.0
111,centred,10,6,33407.0,36571.0
112,centred,10,6,29189.166666666668,30151.5
113,centred,10,6,31190.5,35940.0
114,centred,10,6,33962.5,35526.5
115,centred,10,6,31862.0,36318.0
116,centred,10,6,29544.166666666668,30941.25
117,centred,10,6,39700.5,44201.333333333336
118,centred,10,6,29035.333333333332,31716.0
119,centred,10,6,35537.666666666664,40339.0
120,discreteUniform,10,8,38533.0,38533.0
121,discreteUniform,10,8,35841.0,35841.0
122,discreteUniform,10,8,28555.0,28555.0
123,discreteUniform,10,8,26427.0,26427.0
124,discreteUniform,10,8,37526.0,37526.0
125,discreteUniform,10,8,38948.0,38948.0
126,discreteUniform,10,8,37602.0,37602.0
127,discreteUniform,10,8,39451.0,39451.0
128,discreteUniform,10,8,26057.0,26057.0
129,discreteUniform,10,8,38997.0,38997.0
130,largeJobs,10,8,41427.375,63151.0
131,largeJobs,10,8,40937.125,60118.5
132,largeJobs,10,8,43587.5,63507.0
133,largeJobs,10,8,42279.25,60312.0
134,largeJobs,10,8,42534.625,62341.0
135,largeJobs,10,8,40908.125,60427.0
136,largeJobs,10,8,39980.125,57340.0
137,largeJobs,10,8,42520.0,62732.0
138,largeJobs,10,8,43305.0,66400.0
139,largeJobs,10,8,41903.25,58742.0
140,extremes,10,8,38251.0,38251.0
141,extremes,10,8,38936.0,38936.0
142,extremes,10,8,38235.0,38235.0
143,extremes,10,8,38869.0,38869.0
144,extremes,10,8,39716.0,39716.0
145,extremes,10,8,39961.0,39961.0
146,extremes,10,8,39410.0,39410.0
147,extremes,10,8,35768.0,35768.0
148,extremes,10,8,39365.0,39365.0
149,extremes,10,8,39952.0,39952.0
150,centred,10,8,27631.0,27631.0
151,centred,10,8,28631.0,32470.0
152,centred,10,8,32536.0,32536.0
153,centred,10,8,29882.0,38157.0
154,centred,10,8,26040.0,30763.0
155,centred,10,8,29084.375,34371.0
156,centred,10,8,29508.0,29508.0
157,centred,10,8,28017.0,29672.5
158,centred,10,8,32572.0,35481.5
159,centred,10,8,31487.0,36102.0
160,discreteUniform,100,20,98119.95,98119.95
161,discreteUniform,100,20,103187.8,103187.8
162,discreteUniform,100,20,110873.65,110873.65
163,discreteUniform,100,20,97891.45,97891.45
164,discreteUniform,100,20,98445.2,98445.2
165,discreteUniform,100,20,102797.55,102797.55
166,discreteUniform,100,20,98521.75,98521.75
167,discreteUniform,100,20,97183.85,97183.85
168,discreteUniform,100,20,100349.8,100349.8
169,discreteUniform,100,20,98042.9,98042.9
170,largeJobs,100,20,165521.3,165521.3
171,largeJobs,100,20,167268.15,167268.15
172,largeJobs,100,20,167136.75,167136.75
173,largeJobs,100,20,163648.5,163648.5
174,largeJobs,100,20,168681.8,168681.8
175,largeJobs,100,20,165868.85,165868.85
176,largeJobs,100,20,168837.75,168837.75
177,largeJobs,100,20,168701.7,168701.7
178,largeJobs,100,20,170367.6,170367.6
179,largeJobs,100,20,165959.3,165959.3
180,extremes,100,20,101342.95,101342.95
181,extremes,100,20,104972.3,104972.3
182,extremes,100,20,100280.55,100280.55
183,extremes,100,20,93735.75,93735.75
184,extremes,100,20,104658.85,104658.85
185,extremes,100,20,101500.2,101500.2
186,extremes,100,20,97453.15,97453.15
187,extremes,100,20,109605.4,109605.4
188,extremes,100,20,103602.65,103602.65
189,extremes,100,20,97448.85,97448.85
190,centred,100,20,99519.6,99519.6
191,centred,100,20,100848.4,100848.4
192,centred,100,20,96179.95,96179.95
193,centred,100,20,102256.25,102256.25
194,centred,100,20,102456.6,102456.6
195,centred,100,20,95292.6,95292.6
196,centred,100,20,102057.7,102057.7
197,centred,100,20,95510.1,95510.1
198,centred,100,20,106077.8,106077.8
199,centred,100,20,101343.9,101343.9
200,discreteUniform,100,40,46486.325,46486.325
201,discreteUniform,100,40,46288.775,46288.775
202,discreteUniform,100,40,52276.2,52276.2
203,discreteUniform,100,40,50941.775,50941.775
204,discreteUniform,100,40,50908.05,50908.05
205,discreteUniform,100,40,49037.65,49037.65
206,discreteUniform,100,40,49972.625,49972.625
207,discreteUniform,100,40,48094.175,48094.175
208,discreteUniform,100,40,47691.525,47691.525
209,discreteUniform,100,40,51747.85,51747.85
210,largeJobs,100,40,84538.95,94792.94444444444
211,largeJobs,100,40,82097.65,92103.26315789473
212,largeJobs,100,40,82356.625,91319.21052631579
213,largeJobs,100,40,82383.15,90745.15789473684
214,largeJobs,100,40,84516.625,95068.8947368421
215,largeJobs,100,40,83889.925,93741.66666666667
216,largeJobs,100,40,83577.975,93284.55555555556
217,largeJobs,100,40,84256.125,94490.33333333333
218,largeJobs,100,40,84071.25,93453.15789473684
219,largeJobs,100,40,83591.95,92948.77777777778
220,extremes,100,40,54071.775,57102.666666666664
221,extremes,100,40,43803.425,43803.425
222,extremes,100,40,43104.825,43104.825
223,extremes,100,40,46914.3,51014.0
224,extremes,100,40,46750.05,50871.0
225,extremes,100,40,42807.875,45673.0
226,extremes,100,40,44847.95,47288.76470588235
227,extremes,100,40,47614.4,51407.11111111111
228,extremes,100,40,50370.4,50993.0
229,extremes,100,40,51757.4,58548.0
230,centred,100,40,49758.6,49758.6
231,centred,100,40,49911.275,49911.275
232,centred,100,40,49826.825,49826.825
233,centred,100,40,50368.375,50368.375
234,centred,100,40,50605.55,50605.55
235,centred,100,40,50514.55,50514.55
236,centred,100,40,51369.6,51369.6
237,centred,100,40,51855.7,51855.7
238,centred,100,40,51691.425,51691.425
239,centred,100,40,49102.0,49102.0
240,discreteUniform,100,60,39900.0,39900.0
241,discreteUniform,100,60,39664.0,39664.0
242,discreteUniform,100,60,39562.0,39562.0
243,discreteUniform,100,60,37290.0,37290.0
244,discreteUniform,100,60,39423.0,40621.333333333336
245,discreteUniform,100,60,39959.0,39959.0
246,discreteUniform,100,60,39381.0,39381.0
247,discreteUniform,100,60,39214.0,39214.0
248,discreteUniform,100,60,38308.0,38308.0
249,discreteUniform,100,60,39964.0,39964.0
250,largeJobs,100,60,55792.65,66545.0
251,largeJobs,100,60,55074.23333333333,64571.36363636364
252,largeJobs,100,60,55524.05,66441.0
253,largeJobs,100,60,55704.03333333333,66626.0
254,largeJobs,100,60,55963.4,66727.5
255,largeJobs,100,60,54330.03333333333,65889.0
256,largeJobs,100,60,56515.35,67592.0
257,largeJobs,100,60,55478.03333333333,66434.16666666667
258,largeJobs,100,60,54785.95,65292.333333333336
259,largeJobs,100,60,55479.2,65305.0
260,extremes,100,60,39996.0,39996.0
261,extremes,100,60,39982.0,39982.0
262,extremes,100,60,39988.0,39988.0
263,extremes,100,60,39994.0,39994.0
264,extremes,100,60,40000.0,40000.0
265,extremes,100,60,39979.0,39979.0
266,extremes,100,60,39939.0,39939.0
267,extremes,100,60,39994.0,39994.0
268,extremes,100,60,40000.0,40000.0
269,extremes,100,60,39998.0,39998.0
270,centred,100,60,33531.71666666667,36505.142857142855
271,centred,100,60,33117.0,33510.333333333336
272,centred,100,60,36795.0,36795.0
273,centred,100,60,33369.7,37998.0
274,centred,100,60,36045.0,36045.0
275,centred,100,60,31569.066666666666,36310.5
276,centred,100,60,35218.0,36151.2
277,centred,100,60,34285.0,35413.72727272727
278,centred,100,60,35240.0,36854.37837837838
279,centred,100,60,35000.0,37307.666666666664
280,discreteUniform,100,80,39500.0,39500.0
281,discreteUniform,100,80,39032.0,39032.0
282,discreteUniform,100,80,39569.0,39569.0
283,discreteUniform,100,80,39702.0,39702.0
284,discreteUniform,100,80,39180.0,39180.0
285,discreteUniform,100,80,39990.0,39990.0
286,discreteUniform,100,80,39794.0,39794.0
287,discreteUniform,100,80,39753.0,39753.0
288,discreteUniform,100,80,39574.0,39574.0
289,discreteUniform,100,80,39948.0,39948.0
290,largeJobs,100,80,41910.725,60303.333333333336
291,largeJobs,100,80,42114.2375,62139.0
292,largeJobs,100,80,41199.3875,59071.25
293,largeJobs,100,80,41828.55,60344.0
294,largeJobs,100,80,41409.775,58261.0
295,largeJobs,100,80,41562.475,58698.0
296,largeJobs,100,80,42576.9375,61944.0
297,largeJobs,100,80,42701.05,62721.0
298,largeJobs,100,80,41809.5625,60112.0
299,largeJobs,100,80,41399.9375,60650.0
300,extremes,100,80,39999.0,39999.0
301,extremes,100,80,39966.0,39966.0
302,extremes,100,80,40000.0,40000.0
303,extremes,100,80,39861.0,39861.0
304,extremes,100,80,39995.0,39995.0
305,extremes,100,80,40000.0,40000.0
306,extremes,100,80,39994.0,39994.0
307,extremes,100,80,39954.0,39954.0
308,extremes,100,80,39977.0,39977.0
309,extremes,100,80,40000.0,40000.0
310,centred,100,80,34814.0,34814.0
311,centred,100,80,33306.0,33306.0
312,centred,100,80,32483.0,32483.0
313,centred,100,80,34160.0,34160.0
314,centred,100,80,34326.0,34326.0
315,centred,100,80,36860.0,36860.0
316,centred,100,80,36104.0,36104.0
317,centred,100,80,34961.0,34961.0
318,centred,100,80,33421.0,33421.0
319,centred,100,80,32974.0,32974.0
320,discreteUniform,1000,200,97434.655,97434.655
321,discreteUniform,1000,200,98763.795,98763.795
322,discreteUniform,1000,200,98550.725,98550.725
323,discreteUniform,1000,200,99105.295,99105.295
324,discreteUniform,1000,200,101304.66,101304.66
325,discreteUniform,1000,200,99877.945,99877.945
326,discreteUniform,1000,200,99176.55,99176.55
327,discreteUniform,1000,200,100463.88,100463.88
328,discreteUniform,1000,200,101025.93,101025.93
329,discreteUniform,1000,200,101467.525,101467.525
330,largeJobs,1000,200,166187.55,166187.55
331,largeJobs,1000,200,167166.825,167166.825
332,largeJobs,1000,200,166645.135,166645.135
333,largeJobs,1000,200,166835.93,166835.93
334,largeJobs,1000,200,166980.875,166980.875
335,largeJobs,1000,200,166812.4,166812.4
336,largeJobs,1000,200,166056.195,166056.195
337,largeJobs,1000,200,166223.585,166223.585
338,largeJobs,1000,200,165728.02,165728.02
339,largeJobs,1000,200,167607.405,167607.405
340,extremes,1000,200,99607.375,99607.375
341,extremes,1000,200,98714.915,98714.915
342,extremes,1000,200,99287.93,99287.93
343,extremes,1000,200,106716.09,106716.09
344,extremes,1000,200,97283.27,97283.27
345,extremes,1000,200,100025.28,100025.28
346,extremes,1000,200,104594.195,104594.195
347,extremes,1000,200,99700.28,99700.28
348,extremes,1000,200,103284.745,103284.745
349,extremes,1000,200,98430.905,98430.905
350,centred,1000,200,100753.035,100753.035
351,centred,1000,200,99897.86,99897.86
352,centred,1000,200,100526.175,100526.175
353,centred,1000,200,98677.06,98677.06
354,centred,1000,200,99638.83,99638.83
355,centred,1000,200,100568.26,100568.26
356,centred,1000,200,99699.735,99699.735
357,centred,1000,200,98568.235,98568.235
358,centred,1000,200,102047.775,102047.775
359,centred,1000,200,100967.575,100967.575
360,discreteUniform,1000,400,49476.7025,49476.7025
361,discreteUniform,1000,400,49360.19,49360.19
362,discreteUniform,1000,400,50040.0425,50040.0425
363,discreteUniform,1000,400,49481.4375,49481.4375
364,discreteUniform,1000,400,48389.185,48389.185
365,discreteUniform,1000,400,51048.1875,51048.1875
366,discreteUniform,1000,400,49330.5775,49330.5775
367,discreteUniform,1000,400,48721.7525,48721.7525
368,discreteUniform,1000,400,49480.73,49480.73
369,discreteUniform,1000,400,51379.8,51379.8
370,largeJobs,1000,400,82805.9925,92242.40243902439
371,largeJobs,1000,400,83071.535,92258.26543209876
372,largeJobs,1000,400,83457.2525,92884.61235955056
373,largeJobs,1000,400,83213.55,93097.34939759035
374,largeJobs,1000,400,83599.7775,93334.13978494624
375,largeJobs,1000,400,83756.5375,93249.80113636363
376,largeJobs,1000,400,83643.3675,93300.14201183432
377,largeJobs,1000,400,83144.7075,92516.42105263157
378,largeJobs,1000,400,82920.8525,91952.50877192983
379,largeJobs,1000,400,83238.0725,92566.91160220995
380,extremes,1000,400,52188.25,56727.0
381,extremes,1000,400,50445.29,54663.8
382,extremes,1000,400,50211.435,53345.75
383,extremes,1000,400,50156.275,52558.5
384,extremes,1000,400,51254.85,52847.2027027027
385,extremes,1000,400,49256.1,51730.625
386,extremes,1000,400,49847.4075,52006.03846153846
387,extremes,1000,400,49391.285,52820.666666666664
388,extremes,1000,400,49025.705,51659.63265306123
389,extremes,1000,400,49145.175,51821.75
390,centred,1000,400,50669.5075,50669.5075
391,centred,1000,400,50035.0875,50035.0875
392,centred,1000,400,49070.9975,49070.9975
393,centred,1000,400,51394.98,51394.98
394,centred,1000,400,50731.5425,50731.5425
395,centred,1000,400,50968.52,50968.52
396,centred,1000,400,50588.025,50588.025
397,centred,1000,400,48879.78,48879.78
398,centred,1000,400,50481.4225,50481.4225
399,centred,1000,400,49803.0825,49803.0825
400,discreteUniform,1000,600,39946.0,39946.0
401,discreteUniform,1000,600,39996.0,39996.0
402,discreteUniform,1000,600,39997.0,39997.0
403,discreteUniform,1000,600,39932.0,39932.0
404,discreteUniform,1000,600,39903.0,39903.0
405,discreteUniform,1000,600,39952.0,39952.0
406,discreteUniform,1000,600,39877.0,39877.0
407,discreteUniform,1000,600,39945.0,39945.0
408,discreteUniform,1000,600,39979.0,39979.0
409,discreteUniform,1000,600,40000.0,40000.0
410,largeJobs,1000,600,55272.32166666666,65501.666666666664
411,largeJobs,1000,600,55464.70333333333,65817.0
412,largeJobs,1000,600,55939.55,66202.01298701299
413,largeJobs,1000,600,55555.89666666667,66095.26804123711
414,largeJobs,1000,600,55303.28333333333,65886.30769230769
415,largeJobs,1000,600,55437.97833333333,65603.0
416,largeJobs,1000,600,55471.73333333333,66052.5
417,largeJobs,1000,600,55647.62666666666,66345.45454545454
418,largeJobs,1000,600,55427.74166666667,65517.8
419,largeJobs,1000,600,55666.635,65813.75193798449
420,extremes,1000,600,39999.0,39999.0
421,extremes,1000,600,39999.0,39999.0
422,extremes,1000,600,40000.0,40000.0
423,extremes,1000,600,40000.0,40000.0
424,extremes,1000,600,40000.0,40000.0
425,extremes,1000,600,39999.0,39999.0
426,extremes,1000,600,40000.0,40000.0
427,extremes,1000,600,40000.0,40000.0
428,extremes,1000,600,40000.0,40000.0
429,extremes,1000,600,40000.0,40000.0
430,centred,1000,600,37379.0,37379.0
431,centred,1000,600,36447.0,36447.0
432,centred,1000,600,35986.0,36289.032258064515
433,centred,1000,600,37621.0,37621.0
434,centred,1000,600,36907.0,36907.0
435,centred,1000,600,37941.0,37941.0
436,centred,1000,600,36931.0,36931.0
437,centred,1000,600,37244.0,37244.0
438,centred,1000,600,38327.0,38327.0
439,centred,1000,600,36799.0,36799.0
440,discreteUniform,1000,800,39955.0,39955.0
441,discreteUniform,1000,800,39976.0,39976.0
442,discreteUniform,1000,800,39999.0,39999.0
443,discreteUniform,1000,800,39959.0,39959.0
444,discreteUniform,1000,800,39893.0,39893.0
445,discreteUniform,1000,800,39977.0,39977.0
446,discreteUniform,1000,800,39993.0,39993.0
447,discreteUniform,1000,800,40000.0,40000.0
448,discreteUniform,1000,800,39976.0,39976.0
449,discreteUniform,1000,800,39943.0,39943.0
450,largeJobs,1000,800,41546.955,59948.0
451,largeJobs,1000,800,41272.11875,59362.8
452,largeJobs,1000,800,41582.23625,59645.3125
453,largeJobs,1000,800,41460.22125,59260.69565217391
454,largeJobs,1000,800,41540.47625,59643.11111111111
455,largeJobs,1000,800,41609.595,59618.17021276596
456,largeJobs,1000,800,41637.16625,60119.0
457,largeJobs,1000,800,41665.2375,60030.03333333333
458,largeJobs,1000,800,41534.56125,59891.0
459,largeJobs,1000,800,41321.1775,59637.555555555555
460,extremes,1000,800,40000.0,40000.0
461,extremes,1000,800,40000.0,40000.0
462,extremes,1000,800,40000.0,40000.0
463,extremes,1000,800,40000.0,40000.0
464,extremes,1000,800,40000.0,40000.0
465,extremes,1000,800,40000.0,40000.0
466,extremes,1000,800,39999.0,39999.0
467,extremes,1000,800,40000.0,40000.0
468,extremes,1000,800,40000.0,40000.0
469,extremes,1000,800,40000.0,40000.0
470,centred,1000,800,37420.0,37420.0
471,centred,1000,800,38057.0,38057.0
472,centred,1000,800,37556.0,37556.0
473,centred,1000,800,37147.0,37147.0
474,centred,1000,800,37578.0,37578.0
475,centred,1000,800,38115.0,38115.0
476,centred,1000,800,36311.0,36311.0
477,centred,1000,800,37009.0,37009.0
478,centred,1000,800,37614.0,37614.0
479,centred,1000,800,37582.0,37582.0
480,discreteUniform,10000,2000,99529.434,99529.434
481,discreteUniform,10000,2000,99736.989,99736.989
482,discreteUniform,10000,2000,99675.668,99675.668
483,discreteUniform,10000,2000,100165.5005,100165.5005
484,discreteUniform,10000,2000,99173.853,99173.853
485,discreteUniform,10000,2000,100612.4085,100612.4085
486,discreteUniform,10000,2000,99535.888,99535.888
487,discreteUniform,10000,2000,100521.947,100521.947
488,discreteUniform,10000,2000,100186.307,100186.307
489,discreteUniform,10000,2000,100146.5,100146.5
490,largeJobs,10000,2000,166612.6965,166612.6965
491,largeJobs,10000,2000,166315.1085,166315.1085
492,largeJobs,10000,2000,166480.3995,166480.3995
493,largeJobs,10000,2000,166890.8685,166890.8685
494,largeJobs,10000,2000,166500.752,166500.752
495,largeJobs,10000,2000,166828.5315,166828.5315
496,largeJobs,10000,2000,166865.1905,166865.1905
497,largeJobs,10000,2000,166514.747,166514.747
498,largeJobs,10000,2000,166613.7835,166613.7835
499,largeJobs,10000,2000,166867.9365,166867.9365
500,extremes,10000,2000,101936.464,101936.464
501,extremes,10000,2000,100761.774,100761.774
502,extremes,10000,2000,100905.43,100905.43
503,extremes,10000,2000,99944.499,99944.499
504,extremes,10000,2000,100953.5105,100953.5105
505,extremes,10000,2000,99505.5915,99505.5915
506,extremes,10000,2000,100368.9515,100368.9515
507,extremes,10000,2000,99861.6925,99861.6925
508,extremes,10000,2000,98616.492,98616.492
509,extremes,10000,2000,100247.64,100247.64
510,centred,10000,2000,99171.128,99171.128
511,centred,10000,2000,100474.1825,100474.1825
512,centred,10000,2000,100380.2375,100380.2375
513,centred,10000,2000,99950.504,99950.504
514,centred,10000,2000,100015.643,100015.643
515,centred,10000,2000,100498.003,100498.003
516,centred,10000,2000,100066.377,100066.377
517,centred,10000,2000,100763.268,100763.268
518,centred,10000,2000,100248.035,100248.035
519,centred,10000,2000,100038.8685,100038.8685
520,discreteUniform,10000,4000,49862.44,49862.44
521,discreteUniform,10000,4000,49750.6725,49750.6725
522,discreteUniform,10000,4000,50240.61825,50240.61825
523,discreteUniform,10000,4000,50244.33325,50244.33325
524,discreteUniform,10000,4000,50349.12075,50349.12075
525,discreteUniform,10000,4000,50221.1065,50221.1065
526,discreteUniform,10000,4000,49939.116,49939.116
527,discreteUniform,10000,4000,50012.3855,50012.3855
528,discreteUniform,10000,4000,50124.716,50124.716
529,discreteUniform,10000,4000,50008.7635,50008.7635
530,largeJobs,10000,4000,83264.62125,92718.67289719626
531,largeJobs,10000,4000,83292.3015,92662.2456946039
532,largeJobs,10000,4000,83381.1995,92794.20160366553
533,largeJobs,10000,4000,83321.7655,92855.3512252042
534,largeJobs,10000,4000,83275.19425,92693.72831050228
535,largeJobs,10000,4000,83263.43025,92700.76306818181
536,largeJobs,10000,4000,83517.1585,93139.08405797102
537,largeJobs,10000,4000,83240.4655,92602.85642176108
538,largeJobs,10000,4000,83313.95175,92783.25431530495
539,largeJobs,10000,4000,83471.7365,92943.03043968433
540,extremes,10000,4000,50077.688,52402.0
541,extremes,10000,4000,49896.85625,52058.65925925926
542,extremes,10000,4000,50205.4265,52348.0
543,extremes,10000,4000,50090.83925,52553.99337748344
544,extremes,10000,4000,50639.5435,53266.382978723406
545,extremes,10000,4000,50405.35125,53119.99324324324
546,extremes,10000,4000,50004.51675,52580.36781609195
547,extremes,10000,4000,50112.785,52693.0
548,extremes,10000,4000,49729.59375,52051.254237288136
549,extremes,10000,4000,50540.416,53421.0
550,centred,10000,4000,50142.17775,50142.17775
551,centred,10000,4000,49820.71125,49820.71125
552,centred,10000,4000,50497.85575,50497.85575
553,centred,10000,4000,50081.724,50081.724
554,centred,10000,4000,50388.87825,50388.87825
555,centred,10000,4000,49918.9405,49918.9405
556,centred,10000,4000,49668.1685,49668.1685
557,centred,10000,4000,50052.93075,50052.93075
558,centred,10000,4000,49829.38475,49829.38475
559,centred,10000,4000,50086.51175,50086.51175
560,discreteUniform,10000,6000,39998.0,39998.0
561,discreteUniform,10000,6000,40000.0,40000.0
562,discreteUniform,10000,6000,39994.0,39994.0
563,discreteUniform,10000,6000,39999.0,39999.0
564,discreteUniform,10000,6000,40000.0,40000.0
565,discreteUniform,10000,6000,39995.0,39995.0
566,discreteUniform,10000,6000,39999.0,39999.0
567,discreteUniform,10000,6000,39998.0,39998.0
568,discreteUniform,10000,6000,39997.0,39997.0
569,discreteUniform,10000,6000,39994.0,39994.0
570,largeJobs,10000,6000,55484.30066666667,65901.92307692308
571,largeJobs,10000,6000,55680.93616666667,66176.5294117647
572,largeJobs,10000,6000,55613.77133333333,65980.67015706806
573,largeJobs,10000,6000,55547.513666666666,65947.0
574,largeJobs,10000,6000,55621.647666666664,66067.18181818182
575,largeJobs,10000,6000,55646.669,66113.36467236467
576,largeJobs,10000,6000,55560.49,66056.0
577,largeJobs,10000,6000,55584.623166666664,66108.02816901408
578,largeJobs,10000,6000,55515.653666666665,66044.0
579,largeJobs,10000,6000,55555.992666666665,65982.67021276595
580,extremes,10000,6000,40000.0,40000.0
581,extremes,10000,6000,40000.0,40000.0
582,extremes,10000,6000,40000.0,40000.0
583,extremes,10000,6000,40000.0,40000.0
584,extremes,10000,6000,40000.0,40000.0
585,extremes,10000,6000,40000.0,40000.0
586,extremes,10000,6000,40000.0,40000.0
587,extremes,10000,6000,40000.0,40000.0
588,extremes,10000,6000,40000.0,40000.0
589,extremes,10000,6000,40000.0,40000.0
590,centred,10000,6000,38980.0,38980.0
591,centred,10000,6000,38215.0,38215.0
592,centred,10000,6000,38573.0,38573.0
593,centred,10000,6000,38133.0,38133.0
594,centred,10000,6000,38397.0,38397.0
595,centred,10000,6000,38066.0,38066.0
596,centred,10000,6000,38494.0,38494.0
597,centred,10000,6000,38561.0,38561.0
598,centred,10000,6000,38423.0,38423.0
599,centred,10000,6000,38955.0,38955.0
600,discreteUniform,10000,8000,39997.0,39997.0
601,discreteUniform,10000,8000,40000.0,40000.0
602,discreteUniform,10000,8000,39998.0,39998.0
603,discreteUniform,10000,8000,39996.0,39996.0
604,discreteUniform,10000,8000,40000.0,40000.0
605,discreteUniform,10000,8000,39992.0,39992.0
606,discreteUniform,10000,8000,39999.0,39999.0
607,discreteUniform,10000,8000,39995.0,39995.0
608,discreteUniform,10000,8000,39992.0,39992.0
609,discreteUniform,10000,8000,39993.0,39993.0
610,largeJobs,10000,8000,41612.16275,59938.333333333336
611,largeJobs,10000,8000,41651.209,59991.347368421055
612,largeJobs,10000,8000,41747.381,60413.0
613,largeJobs,10000,8000,41669.12825,59919.45502645503
614,largeJobs,10000,8000,41650.576125,59990.666666666664
615,largeJobs,10000,8000,41660.501375,60162.73333333333
616,largeJobs,10000,8000,41659.739875,60153.086956521736
617,largeJobs,10000,8000,41682.59425,60088.666666666664
618,largeJobs,10000,8000,41646.55075,60019.94782608696
619,largeJobs,10000,8000,41692.371375,60230.333333333336
620,extremes,10000,8000,40000.0,40000.0
621,extremes,10000,8000,40000.0,40000.0
622,extremes,10000,8000,40000.0,40000.0
623,extremes,10000,8000,40000.0,40000.0
624,extremes,10000,8000,40000.0,40000.0
625,extremes,10000,8000,40000.0,40000.0
626,extremes,10000,8000,40000.0,40000.0
627,extremes,10000,8000,40000.0,40000.0
628,extremes,10000,8000,40000.0,40000.0
629,extremes,10000,8000,40000.0,40000.0
630,centred,10000,8000,38144.0,38144.0
631,centred,10000,8000,38276.0,38276.0
632,centred,10000,8000,39016.0,39016.0
633,centred,10000,8000,38103.0,38103.0
634,centred,10000,8000,38194.0,38194.0
635,centred,10000,8000,38128.0,38128.0
636,centred,10000,8000,38829.0,38829.0
637,centred,10000,8000,39022.0,39022.0
638,centred,10000,8000,39285.0,39285.0
639,centred,10000,8000,38732.0,38732.0
640,discreteUniform,100000,20000,100328.79195,100328.79195
641,discreteUniform,100000,20000,100081.90395,100081.90395
642,discreteUniform,100000,20000,100077.9166,100077.9166
643,discreteUniform,100000,20000,99951.07165,99951.07165
644,discreteUniform,100000,20000,100020.9218,100020.9218
645,discreteUniform,100000,20000,100066.6101,100066.6101
646,discreteUniform,100000,20000,99957.92755,99957.92755
647,discreteUniform,100000,20000,100036.0236,100036.0236
648,discreteUniform,100000,20000,99993.3933,99993.3933
649,discreteUniform,100000,20000,99998.50495,99998.50495
650,largeJobs,100000,20000,166658.4839,166658.4839
651,largeJobs,100000,20000,166642.77465,166642.77465
652,largeJobs,100000,20000,166570.17975,166570.17975
653,largeJobs,100000,20000,166672.85945,166672.85945
654,largeJobs,100000,20000,166798.76945,166798.76945
655,largeJobs,100000,20000,166725.03455,166725.03455
656,largeJobs,100000,20000,166619.14025,166619.14025
657,largeJobs,100000,20000,166606.42015,166606.42015
658,largeJobs,100000,20000,166678.858,166678.858
659,largeJobs,100000,20000,166666.48145,166666.48145
660,extremes,100000,20000,100065.4158,100065.4158
661,extremes,100000,20000,99714.06375,99714.06375
662,extremes,100000,20000,100062.33345,100062.33345
663,extremes,100000,20000,99805.47005,99805.47005
664,extremes,100000,20000,99942.0012,99942.0012
665,extremes,100000,20000,100077.6003,100077.6003
666,extremes,100000,20000,100231.34145,100231.34145
667,extremes,100000,20000,99992.0141,99992.0141
668,extremes,100000,20000,100176.0709,100176.0709
669,extremes,100000,20000,99777.5533,99777.5533
670,centred,100000,20000,99894.6358,99894.6358
671,centred,100000,20000,100063.6069,100063.6069
672,centred,100000,20000,100168.4152,100168.4152
673,centred,100000,20000,100133.68285,100133.68285
674,centred,100000,20000,100034.26425,100034.26425
675,centred,100000,20000,99942.8827,99942.8827
676,centred,100000,20000,99972.45695,99972.45695
677,centred,100000,20000,99982.489,99982.489
678,centred,100000,20000,99959.8196,99959.8196
679,centred,100000,20000,100011.15925,100011.15925
680,discreteUniform,100000,40000,50072.76395,50072.76395
681,discreteUniform,100000,40000,49934.0831,49934.0831
682,discreteUniform,100000,40000,49915.249325,49915.249325
683,discreteUniform,100000,40000,50056.9299,50056.9299
684,discreteUniform,100000,40000,49946.8185,49946.8185
685,discreteUniform,100000,40000,49987.83245,49987.83245
686,discreteUniform,100000,40000,49997.534325,49997.534325
687,discreteUniform,100000,40000,49987.283825,49987.283825
688,discreteUniform,100000,40000,50150.211475,50150.211475
689,discreteUniform,100000,40000,50037.51205,50037.51205
690,largeJobs,100000,40000,83331.3304,92770.87725107471
691,largeJobs,100000,40000,83316.287175,92744.88930462813
692,largeJobs,100000,40000,83319.614325,92774.09607718528
693,largeJobs,100000,40000,83303.757075,92733.79084478694
694,largeJobs,100000,40000,83355.909325,92786.88463528194
695,largeJobs,100000,40000,83312.32805,92743.84004834811
696,largeJobs,100000,40000,83328.318075,92779.08137317229
697,largeJobs,100000,40000,83433.280575,92952.0143584993
698,largeJobs,100000,40000,83332.0681,92774.46554902638
699,largeJobs,100000,40000,83278.001975,92697.98321024694
700,extremes,100000,40000,49930.51855,52070.27272727273
701,extremes,100000,40000,50002.106725,52425.38888888889
702,extremes,100000,40000,49869.512975,52329.06289308176
703,extremes,100000,40000,49846.293675,52204.733695652176
704,extremes,100000,40000,49961.2316,52296.0
705,extremes,100000,40000,49880.38385,52257.67542706965
706,extremes,100000,40000,49818.7794,52116.0
707,extremes,100000,40000,50240.249425,52730.38775510204
708,extremes,100000,40000,49914.10655,52071.39606741573
709,extremes,100000,40000,50063.2933,52504.801031687544
710,centred,100000,40000,49953.21485,49953.21485
711,centred,100000,40000,49975.759875,49975.759875
712,centred,100000,40000,49935.391775,49935.391775
713,centred,100000,40000,49934.897925,49934.897925
714,centred,100000,40000,50075.815875,50075.815875
715,centred,100000,40000,50054.04495,50054.04495
716,centred,100000,40000,50092.964875,50092.964875
717,centred,100000,40000,50017.01505,50017.01505
718,centred,100000,40000,49889.1445,49889.1445
719,centred,100000,40000,50068.3634,50068.3634
720,discreteUniform,100000,60000,40000.0,40000.0
721,discreteUniform,100000,60000,40000.0,40000.0
722,discreteUniform,100000,60000,40000.0,40000.0
723,discreteUniform,100000,60000,40000.0,40000.0
724,discreteUniform,100000,60000,40000.0,40000.0
725,discreteUniform,100000,60000,40000.0,40000.0
726,discreteUniform,100000,60000,40000.0,40000.0
727,discreteUniform,100000,60000,40000.0,40000.0
728,discreteUniform,100000,60000,40000.0,40000.0
729,discreteUniform,100000,60000,40000.0,40000.0
730,largeJobs,100000,60000,55558.868,65984.22788203754
731,largeJobs,100000,60000,55541.20755,65922.83928571429
732,largeJobs,100000,60000,55532.19876666667,65930.13712807244
733,largeJobs,100000,60000,55528.612133333336,65936.47457627118
734,largeJobs,100000,60000,55598.405216666666,66011.93441671503
735,largeJobs,100000,60000,55572.233,65994.0701754386
736,largeJobs,100000,60000,55582.55136666667,65980.0
737,largeJobs,100000,60000,55566.41408333334,65976.0
738,largeJobs,100000,60000,55573.81283333333,65964.17102532172
739,largeJobs,100000,60000,55581.095316666666,65988.0
740,extremes,100000,60000,40000.0,40000.0
741,extremes,100000,60000,40000.0,40000.0
742,extremes,100000,60000,40000.0,40000.0
743,extremes,100000,60000,40000.0,40000.0
744,extremes,100000,60000,40000.0,40000.0
745,extremes,100000,60000,40000.0,40000.0
746,extremes,100000,60000,40000.0,40000.0
747,extremes,100000,60000,40000.0,40000.0
748,extremes,100000,60000,40000.0,40000.0
749,extremes,100000,60000,40000.0,40000.0
750,centred,100000,60000,39144.0,39144.0
751,centred,100000,60000,39415.0,39415.0
752,centred,100000,60000,39541.0,39541.0
753,centred,100000,60000,38827.0,38827.0
754,centred,100000,60000,38840.0,38840.0
755,centred,100000,60000,39741.0,39741.0
756,centred,100000,60000,39272.0,39272.0
757,centred,100000,60000,38942.0,38942.0
758,centred,100000,60000,39650.0,39650.0
759,centred,100000,60000,38962.0,38962.0
760,discreteUniform,100000,80000,40000.0,40000.0
761,discreteUniform,100000,80000,40000.0,40000.0
762,discreteUniform,100000,80000,39999.0,39999.0
763,discreteUniform,100000,80000,40000.0,40000.0
764,discreteUniform,100000,80000,40000.0,40000.0
765,discreteUniform,100000,80000,39999.0,39999.0
766,discreteUniform,100000,80000,40000.0,40000.0
767,discreteUniform,100000,80000,40000.0,40000.0
768,discreteUniform,100000,80000,40000.0,40000.0
769,discreteUniform,100000,80000,40000.0,40000.0
770,largeJobs,100000,80000,41659.402875,60102.094736842104
771,largeJobs,100000,80000,41707.6607375,60205.21
772,largeJobs,100000,80000,41654.474625,60057.06122448979
773,largeJobs,100000,80000,41669.25225,60109.673507462685
774,largeJobs,100000,80000,41675.7384375,60111.278195488725
775,largeJobs,100000,80000,41657.6959,60092.46712802768
776,largeJobs,100000,80000,41676.292675,60087.46327387198
777,largeJobs,100000,80000,41669.989625,60125.28571428572
778,largeJobs,100000,80000,41671.525075,60121.0
779,largeJobs,100000,80000,41675.9258875,60194.75
780,extremes,100000,80000,40000.0,40000.0
781,extremes,100000,80000,40000.0,40000.0
782,extremes,100000,80000,40000.0,40000.0
783,extremes,100000,80000,40000.0,40000.0
784,extremes,100000,80000,40000.0,40000.0
785,extremes,100000,80000,40000.0,40000.0
786,extremes,100000,80000,40000.0,40000.0
787,extremes,100000,80000,40000.0,40000.0
788,extremes,100000,80000,40000.0,40000.0
789,extremes,100000,80000,40000.0,40000.0
790,centred,100000,80000,39400.0,39400.0
791,centred,100000,80000,38828.0,38828.0
792,centred,100000,80000,38990.0,38990.0
793,centred,100000,80000,39184.0,39184.0
794,centred,100000,80000,39008.0,39008.0
795,centred,100000,80000,39204.0,39204.0
796,centred,100000,80000,38906.0,38906.0
797,centred,100000,80000,39128.0,39128.0
798,centred,100000,80000,39206.0,39206.0
799,centred,100000,80000,38907.0,38907.0
