,jobDist,n,m,lowerBound,cost,time
0,discreteUniform,10,2,83678.0,83866.0,0.0010001659393310547
1,discreteUniform,10,2,76275.5,76304.0,0.0009989738464355469
2,discreteUniform,10,2,99790.0,100146.0,0.0
3,discreteUniform,10,2,101747.0,102111.0,0.0009992122650146484
4,discreteUniform,10,2,127758.5,132033.0,0.0
5,discreteUniform,10,2,110093.0,110411.0,0.0009992122650146484
6,discreteUniform,10,2,68419.0,69419.0,0.0009987354278564453
7,discreteUniform,10,2,83421.5,84016.0,0.0009992122650146484
8,discreteUniform,10,2,90017.5,90157.0,0.0010004043579101562
9,discreteUniform,10,2,111186.0,111784.0,0.0009982585906982422
10,largeJobs,10,2,165135.5,167529.0,0.0009982585906982422
11,largeJobs,10,2,173677.0,173883.0,0.000997781753540039
12,largeJobs,10,2,162669.5,162891.0,0.0009989738464355469
13,largeJobs,10,2,176380.0,176835.0,0.0019969940185546875
14,largeJobs,10,2,160723.0,161257.0,0.0
15,largeJobs,10,2,174409.5,175573.0,0.0
16,largeJobs,10,2,172445.5,172448.0,0.0009996891021728516
17,largeJobs,10,2,167904.0,171310.0,0.0
18,largeJobs,10,2,177613.5,178020.0,0.0
19,largeJobs,10,2,163360.0,166083.0,0.0009992122650146484
20,extremes,10,2,160520.5,162043.0,0.0009992122650146484
21,extremes,10,2,87907.5,88815.0,0.0
22,extremes,10,2,131501.0,138913.0,0.0
23,extremes,10,2,141933.5,142577.0,0.0
24,extremes,10,2,95345.0,96529.0,0.0
25,extremes,10,2,61789.5,61852.0,0.0
26,extremes,10,2,122338.5,123607.0,0.0
27,extremes,10,2,107216.5,107877.0,0.0
28,extremes,10,2,104485.0,104767.0,0.0
29,extremes,10,2,122053.5,122457.0,0.0009992122650146484
30,centred,10,2,102981.0,103025.0,0.0008099079132080078
31,centred,10,2,97518.5,99083.0,0.0009996891021728516
32,centred,10,2,96525.5,97046.0,0.00099945068359375
33,centred,10,2,83944.5,84474.0,0.0
34,centred,10,2,95345.5,97139.0,0.0
35,centred,10,2,95529.0,96939.0,0.0
36,centred,10,2,112678.0,114293.0,0.0
37,centred,10,2,94199.0,94438.0,0.0
38,centred,10,2,104755.0,105421.0,0.0
39,centred,10,2,87241.5,87366.0,0.0009992122650146484
40,discreteUniform,10,4,57331.25,61025.0,0.0009992122650146484
41,discreteUniform,10,4,49435.5,55884.0,0.0010328292846679688
42,discreteUniform,10,4,63148.0,64815.0,0.0
43,discreteUniform,10,4,40969.5,45654.0,0.0
44,discreteUniform,10,4,45419.5,47545.0,0.0
45,discreteUniform,10,4,48676.5,50078.0,0.0
46,discreteUniform,10,4,54598.25,58650.0,0.0
47,discreteUniform,10,4,39623.75,40897.0,0.0
48,discreteUniform,10,4,40572.5,41549.0,0.0
49,discreteUniform,10,4,54978.5,58545.0,0.0009984970092773438
50,largeJobs,10,4,84329.0,98783.0,0.0010004043579101562
51,largeJobs,10,4,84176.0,96031.0,0.00099945068359375
52,largeJobs,10,4,82592.25,94299.0,0.0009992122650146484
53,largeJobs,10,4,88422.0,102533.0,0.0009982585906982422
54,largeJobs,10,4,83034.75,96914.0,0.0
55,largeJobs,10,4,86744.5,97944.0,0.0009992122650146484
56,largeJobs,10,4,83473.0,91457.0,0.0009992122650146484
57,largeJobs,10,4,83997.75,100031.0,0.0009989738464355469
58,largeJobs,10,4,76161.0,84867.0,0.00099945068359375
59,largeJobs,10,4,81116.5,93144.0,0.0
60,extremes,10,4,36704.0,36704.0,0.0
61,extremes,10,4,63165.25,73767.0,0.0
62,extremes,10,4,52326.25,55597.0,0.0
63,extremes,10,4,58669.75,61700.0,0.0
64,extremes,10,4,44424.5,56306.0,0.000997781753540039
65,extremes,10,4,58493.75,63797.0,0.0009992122650146484
66,extremes,10,4,54348.25,56924.0,0.0
67,extremes,10,4,47935.5,60295.0,0.0
68,extremes,10,4,35078.0,35078.0,0.0
69,extremes,10,4,51971.25,56304.0,0.0
70,centred,10,4,47260.75,50821.0,0.0010006427764892578
71,centred,10,4,54665.0,56762.0,0.0009987354278564453
72,centred,10,4,39757.75,41030.0,0.0009996891021728516
73,centred,10,4,60172.75,62003.0,0.0009982585906982422
74,centred,10,4,49172.5,53265.0,0.0
75,centred,10,4,47804.25,52138.0,0.0009992122650146484
76,centred,10,4,58860.75,64991.0,0.0009989738464355469
77,centred,10,4,42181.75,45914.0,0.0009992122650146484
78,centred,10,4,49546.75,51823.0,0.0009984970092773438
79,centred,10,4,53705.0,58299.0,0.0
80,discreteUniform,10,6,37531.833333333336,40580.0,0.0010001659393310547
81,discreteUniform,10,6,36107.0,36107.0,0.0
82,discreteUniform,10,6,42103.166666666664,47638.0,0.0
83,discreteUniform,10,6,37861.0,37861.0,0.0
84,discreteUniform,10,6,43810.0,60781.0,0.0
85,discreteUniform,10,6,31213.0,36299.0,0.00099945068359375
86,discreteUniform,10,6,35292.0,38082.0,0.0009984970092773438
87,discreteUniform,10,6,36380.666666666664,49413.0,0.0
88,discreteUniform,10,6,38982.0,38982.0,0.0
89,discreteUniform,10,6,34221.0,34221.0,0.0
90,largeJobs,10,6,56819.0,66536.0,0.0
91,largeJobs,10,6,55526.833333333336,67419.0,0.001001119613647461
92,largeJobs,10,6,57275.333333333336,69316.0,0.0009975433349609375
93,largeJobs,10,6,52359.833333333336,62208.0,0.0
94,largeJobs,10,6,53188.666666666664,64362.0,0.0
95,largeJobs,10,6,56213.833333333336,66410.0,0.0
96,largeJobs,10,6,55991.833333333336,67171.0,0.0010001659393310547
97,largeJobs,10,6,57074.333333333336,67482.0,0.0
98,largeJobs,10,6,57643.166666666664,68952.0,0.00099945068359375
99,largeJobs,10,6,51792.166666666664,60400.0,0.0009992122650146484
100,extremes,10,6,29980.0,29980.0,0.0
101,extremes,10,6,39782.0,39782.0,0.0009999275207519531
102,extremes,10,6,36101.0,36101.0,0.0
103,extremes,10,6,48292.166666666664,64220.0,0.0
104,extremes,10,6,39373.0,40465.0,0.0
105,extremes,10,6,39028.0,39028.0,0.0
106,extremes,10,6,39532.0,58682.0,0.0010004043579101562
107,extremes,10,6,44423.166666666664,55361.0,0.0009984970092773438
108,extremes,10,6,39950.0,39950.0,0.0
109,extremes,10,6,44606.333333333336,59372.0,0.0
110,centred,10,6,31342.333333333332,36065.0,0.0
111,centred,10,6,33407.0,36571.0,0.0
112,centred,10,6,29189.166666666668,32808.0,0.0009987354278564453
113,centred,10,6,31190.5,35940.0,0.0009992122650146484
114,centred,10,6,33962.5,39150.0,0.0009996891021728516
115,centred,10,6,31862.0,36318.0,0.0
116,centred,10,6,29544.166666666668,33045.0,0.0
117,centred,10,6,39700.5,46054.0,0.0009992122650146484
118,centred,10,6,29035.333333333332,31716.0,0.0
119,centred,10,6,35537.666666666664,40572.0,0.0
120,discreteUniform,10,8,38533.0,38533.0,0.0
121,discreteUniform,10,8,35841.0,35841.0,0.0
122,discreteUniform,10,8,28555.0,28555.0,0.0009989738464355469
123,discreteUniform,10,8,26427.0,26427.0,0.0009992122650146484
124,discreteUniform,10,8,37526.0,37526.0,0.0
125,discreteUniform,10,8,38948.0,38948.0,0.0
126,discreteUniform,10,8,37602.0,37602.0,0.0
127,discreteUniform,10,8,39451.0,39451.0,0.0009996891021728516
128,discreteUniform,10,8,26057.0,26057.0,0.0
129,discreteUniform,10,8,38997.0,38997.0,0.0010001659393310547
130,largeJobs,10,8,41427.375,63151.0,0.0
131,largeJobs,10,8,40937.125,60837.0,0.0009989738464355469
132,largeJobs,10,8,43587.5,63709.0,0.00099945068359375
133,largeJobs,10,8,42279.25,60312.0,0.0
134,largeJobs,10,8,42534.625,62341.0,0.0
135,largeJobs,10,8,40908.125,60427.0,0.0
136,largeJobs,10,8,39980.125,57340.0,0.0
137,largeJobs,10,8,42520.0,62732.0,0.0009987354278564453
138,largeJobs,10,8,43305.0,66400.0,0.0
139,largeJobs,10,8,41903.25,58742.0,0.0
140,extremes,10,8,38251.0,38251.0,0.00099945068359375
141,extremes,10,8,38936.0,38936.0,0.0009989738464355469
142,extremes,10,8,38235.0,38235.0,0.00099945068359375
143,extremes,10,8,38869.0,38869.0,0.0009992122650146484
144,extremes,10,8,39716.0,39716.0,0.0
145,extremes,10,8,39961.0,39961.0,0.0
146,extremes,10,8,39410.0,39410.0,0.0
147,extremes,10,8,35768.0,35768.0,0.0
148,extremes,10,8,39365.0,39365.0,0.0
149,extremes,10,8,39952.0,39952.0,0.0009989738464355469
150,centred,10,8,27631.0,27631.0,0.0
151,centred,10,8,28631.0,32470.0,0.0
152,centred,10,8,32536.0,32536.0,0.0
153,centred,10,8,29882.0,38157.0,0.0
154,centred,10,8,26040.0,30763.0,0.0
155,centred,10,8,29084.375,36101.0,0.0
156,centred,10,8,29508.0,29508.0,0.0009999275207519531
157,centred,10,8,28017.0,29709.0,0.0009989738464355469
158,centred,10,8,32572.0,35733.0,0.0
159,centred,10,8,31487.0,36500.0,0.0
160,discreteUniform,100,20,98119.95,99254.0,0.0019979476928710938
161,discreteUniform,100,20,103187.8,107068.0,0.0019989013671875
162,discreteUniform,100,20,110873.65,113206.0,0.004996299743652344
163,discreteUniform,100,20,97891.45,100857.0,0.001999378204345703
164,discreteUniform,100,20,98445.2,101648.0,0.0019986629486083984
165,discreteUniform,100,20,102797.55,105419.0,0.00499725341796875
166,discreteUniform,100,20,98521.75,101464.0,0.002998828887939453
167,discreteUniform,100,20,97183.85,99775.0,0.0029976367950439453
168,discreteUniform,100,20,100349.8,102594.0,0.0029973983764648438
169,discreteUniform,100,20,98042.9,99753.0,0.0019981861114501953
170,largeJobs,100,20,165521.3,166876.0,0.004996299743652344
171,largeJobs,100,20,167268.15,168215.0,0.002997875213623047
172,largeJobs,100,20,167136.75,168219.0,0.003997325897216797
173,largeJobs,100,20,163648.5,164895.0,0.004996776580810547
174,largeJobs,100,20,168681.8,169355.0,0.005995273590087891
175,largeJobs,100,20,165868.85,168237.0,0.006995439529418945
176,largeJobs,100,20,168837.75,170349.0,0.0029981136322021484
177,largeJobs,100,20,168701.7,169728.0,0.006995201110839844
178,largeJobs,100,20,170367.6,171558.0,0.002997875213623047
179,largeJobs,100,20,165959.3,166870.0,0.004994630813598633
180,extremes,100,20,101342.95,104089.0,0.0019986629486083984
181,extremes,100,20,104972.3,106686.0,0.0019986629486083984
182,extremes,100,20,100280.55,104075.0,0.0010006427764892578
183,extremes,100,20,93735.75,95789.0,0.0019981861114501953
184,extremes,100,20,104658.85,105136.0,0.001998424530029297
185,extremes,100,20,101500.2,102793.0,0.002997875213623047
186,extremes,100,20,97453.15,99199.0,0.0039975643157958984
187,extremes,100,20,109605.4,110763.0,0.0019986629486083984
188,extremes,100,20,103602.65,106034.0,0.001998424530029297
189,extremes,100,20,97448.85,98820.0,0.0019986629486083984
190,centred,100,20,99519.6,100421.0,0.001998424530029297
191,centred,100,20,100848.4,103301.0,0.002996683120727539
192,centred,100,20,96179.95,96983.0,0.001999378204345703
193,centred,100,20,102256.25,103951.0,0.0019996166229248047
194,centred,100,20,102456.6,104985.0,0.001998424530029297
195,centred,100,20,95292.6,97469.0,0.0
196,centred,100,20,102057.7,104550.0,0.0068187713623046875
197,centred,100,20,95510.1,97415.0,0.002996683120727539
198,centred,100,20,106077.8,107968.0,0.002997875213623047
199,centred,100,20,101343.9,103845.0,0.0029997825622558594
200,discreteUniform,100,40,46486.325,48882.0,0.0019996166229248047
201,discreteUniform,100,40,46288.775,48207.0,0.0019979476928710938
202,discreteUniform,100,40,52276.2,55375.0,0.0019986629486083984
203,discreteUniform,100,40,50941.775,54535.0,0.002997875213623047
204,discreteUniform,100,40,50908.05,56815.0,0.0
205,discreteUniform,100,40,49037.65,54362.0,0.006331205368041992
206,discreteUniform,100,40,49972.625,53806.0,0.0019922256469726562
207,discreteUniform,100,40,48094.175,50881.0,0.0029990673065185547
208,discreteUniform,100,40,47691.525,50938.0,0.0019991397857666016
209,discreteUniform,100,40,51747.85,54367.0,0.00099945068359375
210,largeJobs,100,40,84538.95,96679.0,0.01898670196533203
211,largeJobs,100,40,82097.65,97206.0,0.0019989013671875
212,largeJobs,100,40,82356.625,93228.0,0.010992288589477539
213,largeJobs,100,40,82383.15,91975.0,0.013727426528930664
214,largeJobs,100,40,84516.625,95736.0,0.01298975944519043
215,largeJobs,100,40,83889.925,93488.0,0.014989137649536133
216,largeJobs,100,40,83577.975,95021.0,0.01499032974243164
217,largeJobs,100,40,84256.125,98143.0,0.009992599487304688
218,largeJobs,100,40,84071.25,93433.0,0.014989614486694336
219,largeJobs,100,40,83591.95,92573.0,0.015989303588867188
220,extremes,100,40,54071.775,57522.0,0.001998424530029297
221,extremes,100,40,43803.425,46480.0,0.002006053924560547
222,extremes,100,40,43104.825,45785.0,0.001990795135498047
223,extremes,100,40,46914.3,51157.0,0.001998424530029297
224,extremes,100,40,46750.05,50871.0,0.0019981861114501953
225,extremes,100,40,42807.875,45673.0,0.00200653076171875
226,extremes,100,40,44847.95,48964.0,0.0019986629486083984
227,extremes,100,40,47614.4,52720.0,0.001998424530029297
228,extremes,100,40,50370.4,52755.0,0.0020003318786621094
229,extremes,100,40,51757.4,58548.0,0.001997232437133789
230,centred,100,40,49758.6,53901.0,0.004996299743652344
231,centred,100,40,49911.275,55757.0,0.004996061325073242
232,centred,100,40,49826.825,54113.0,0.004396677017211914
233,centred,100,40,50368.375,54346.0,0.0
234,centred,100,40,50605.55,55712.0,0.0166933536529541
235,centred,100,40,50514.55,56147.0,0.009993791580200195
236,centred,100,40,51369.6,55248.0,0.007994413375854492
237,centred,100,40,51855.7,58164.0,0.004996538162231445
238,centred,100,40,51691.425,57308.0,0.003997802734375
239,centred,100,40,49102.0,54682.0,0.005996227264404297
240,discreteUniform,100,60,39900.0,39900.0,0.0009999275207519531
241,discreteUniform,100,60,39664.0,39664.0,0.0009999275207519531
242,discreteUniform,100,60,39562.0,39562.0,0.0019989013671875
243,discreteUniform,100,60,37290.0,37290.0,0.00099945068359375
244,discreteUniform,100,60,39423.0,41097.0,0.0019986629486083984
245,discreteUniform,100,60,39959.0,39959.0,0.001998424530029297
246,discreteUniform,100,60,39381.0,39381.0,0.0009992122650146484
247,discreteUniform,100,60,39214.0,39214.0,0.0019986629486083984
248,discreteUniform,100,60,38308.0,38308.0,0.001998424530029297
249,discreteUniform,100,60,39964.0,39964.0,0.0019986629486083984
250,largeJobs,100,60,55792.65,66882.0,0.001998424530029297
251,largeJobs,100,60,55074.23333333333,65004.0,0.001998424530029297
252,largeJobs,100,60,55524.05,66625.0,0.0009992122650146484
253,largeJobs,100,60,55704.03333333333,66760.0,0.001998424530029297
254,largeJobs,100,60,55963.4,66869.0,0.0009999275207519531
255,largeJobs,100,60,54330.03333333333,65897.0,0.0019974708557128906
256,largeJobs,100,60,56515.35,67592.0,0.0010006427764892578
257,largeJobs,100,60,55478.03333333333,66597.0,0.001998424530029297
258,largeJobs,100,60,54785.95,65391.0,0.0009999275207519531
259,largeJobs,100,60,55479.2,65479.0,0.001998424530029297
260,extremes,100,60,39996.0,39996.0,0.00099945068359375
261,extremes,100,60,39982.0,39982.0,0.0019986629486083984
262,extremes,100,60,39988.0,39988.0,0.001998424530029297
263,extremes,100,60,39994.0,39994.0,0.001998424530029297
264,extremes,100,60,40000.0,40000.0,0.0019981861114501953
265,extremes,100,60,39979.0,39979.0,0.0019996166229248047
266,extremes,100,60,39939.0,39939.0,0.0009992122650146484
267,extremes,100,60,39994.0,39994.0,0.0019991397857666016
268,extremes,100,60,40000.0,40000.0,0.0009987354278564453
269,extremes,100,60,39998.0,39998.0,0.0019989013671875
270,centred,100,60,33531.71666666667,36797.0,0.0009999275207519531
271,centred,100,60,33117.0,34507.0,0.0
272,centred,100,60,36795.0,37625.0,0.0
273,centred,100,60,33369.7,38054.0,0.0
274,centred,100,60,36045.0,36211.0,0.0
275,centred,100,60,31569.066666666666,36503.0,0.0
276,centred,100,60,35218.0,36396.0,0.015624284744262695
277,centred,100,60,34285.0,35968.0,0.0
278,centred,100,60,35240.0,38496.0,0.0050046443939208984
279,centred,100,60,35000.0,37407.0,0.0
280,discreteUniform,100,80,39500.0,39500.0,0.0
281,discreteUniform,100,80,39032.0,39032.0,0.0
282,discreteUniform,100,80,39569.0,39569.0,0.0
283,discreteUniform,100,80,39702.0,39702.0,0.0
284,discreteUniform,100,80,39180.0,39180.0,0.0009987354278564453
285,discreteUniform,100,80,39990.0,39990.0,0.0009987354278564453
286,discreteUniform,100,80,39794.0,39794.0,0.0019981861114501953
287,discreteUniform,100,80,39753.0,39753.0,0.0010004043579101562
288,discreteUniform,100,80,39574.0,39574.0,0.0019986629486083984
289,discreteUniform,100,80,39948.0,39948.0,0.0019986629486083984
290,largeJobs,100,80,41910.725,60552.0,0.0019989013671875
291,largeJobs,100,80,42114.2375,62205.0,0.0019996166229248047
292,largeJobs,100,80,41199.3875,59178.0,0.0019989013671875
293,largeJobs,100,80,41828.55,60653.0,0.0009999275207519531
294,largeJobs,100,80,41409.775,58261.0,0.00099945068359375
295,largeJobs,100,80,41562.475,58698.0,0.0009987354278564453
296,largeJobs,100,80,42576.9375,62097.0,0.0019981861114501953
297,largeJobs,100,80,42701.05,62721.0,0.0019996166229248047
298,largeJobs,100,80,41809.5625,60311.0,0.00099945068359375
299,largeJobs,100,80,41399.9375,60650.0,0.001999378204345703
300,extremes,100,80,39999.0,39999.0,0.0019986629486083984
301,extremes,100,80,39966.0,39966.0,0.0019981861114501953
302,extremes,100,80,40000.0,40000.0,0.001999378204345703
303,extremes,100,80,39861.0,39861.0,0.0019989013671875
304,extremes,100,80,39995.0,39995.0,0.0009984970092773438
305,extremes,100,80,40000.0,40000.0,0.0009992122650146484
306,extremes,100,80,39994.0,39994.0,0.0019989013671875
307,extremes,100,80,39954.0,39954.0,0.0019991397857666016
308,extremes,100,80,39977.0,39977.0,0.00099945068359375
309,extremes,100,80,40000.0,40000.0,0.0010001659393310547
310,centred,100,80,34814.0,34814.0,0.0009992122650146484
311,centred,100,80,33306.0,33306.0,0.001999378204345703
312,centred,100,80,32483.0,32483.0,0.001997709274291992
313,centred,100,80,34160.0,34160.0,0.0009996891021728516
314,centred,100,80,34326.0,34326.0,0.0009992122650146484
315,centred,100,80,36860.0,36860.0,0.0009989738464355469
316,centred,100,80,36104.0,36104.0,0.00099945068359375
317,centred,100,80,34961.0,34961.0,0.0010006427764892578
318,centred,100,80,33421.0,33421.0,0.0019989013671875
319,centred,100,80,32974.0,32974.0,0.00099945068359375
320,discreteUniform,1000,200,97434.655,100640.0,0.025981426239013672
321,discreteUniform,1000,200,98763.795,100964.0,0.01944446563720703
322,discreteUniform,1000,200,98550.725,100542.0,0.019985675811767578
323,discreteUniform,1000,200,99105.295,101519.0,0.04598879814147949
324,discreteUniform,1000,200,101304.66,104731.0,0.026363134384155273
325,discreteUniform,1000,200,99877.945,102757.0,0.02298426628112793
326,discreteUniform,1000,200,99176.55,101439.0,0.019691944122314453
327,discreteUniform,1000,200,100463.88,103400.0,0.019621610641479492
328,discreteUniform,1000,200,101025.93,103861.0,0.025356292724609375
329,discreteUniform,1000,200,101467.525,105232.0,0.02944493293762207
330,largeJobs,1000,200,166187.55,168143.0,0.12255525588989258
331,largeJobs,1000,200,167166.825,168834.0,0.14448881149291992
332,largeJobs,1000,200,166645.135,168284.0,0.1638486385345459
333,largeJobs,1000,200,166835.93,169102.0,0.06755852699279785
334,largeJobs,1000,200,166980.875,168673.0,0.15602922439575195
335,largeJobs,1000,200,166812.4,168951.0,0.11897993087768555
336,largeJobs,1000,200,166056.195,167842.0,0.10239338874816895
337,largeJobs,1000,200,166223.585,167941.0,0.12364029884338379
338,largeJobs,1000,200,165728.02,167667.0,0.05202221870422363
339,largeJobs,1000,200,167607.405,169500.0,0.16930890083312988
340,extremes,1000,200,99607.375,100133.0,0.03569984436035156
341,extremes,1000,200,98714.915,100565.0,0.012319326400756836
342,extremes,1000,200,99287.93,99917.0,0.025664806365966797
343,extremes,1000,200,106716.09,107395.0,0.01698756217956543
344,extremes,1000,200,97283.27,98122.0,0.01994800567626953
345,extremes,1000,200,100025.28,101241.0,0.030353546142578125
346,extremes,1000,200,104594.195,104943.0,0.019689559936523438
347,extremes,1000,200,99700.28,100407.0,0.015988588333129883
348,extremes,1000,200,103284.745,104590.0,0.016430377960205078
349,extremes,1000,200,98430.905,98867.0,0.019708871841430664
350,centred,1000,200,100753.035,103491.0,0.018213510513305664
351,centred,1000,200,99897.86,101830.0,0.022281169891357422
352,centred,1000,200,100526.175,102530.0,0.0756988525390625
353,centred,1000,200,98677.06,100691.0,0.03590583801269531
354,centred,1000,200,99638.83,102139.0,0.0389103889465332
355,centred,1000,200,100568.26,102452.0,0.018985748291015625
356,centred,1000,200,99699.735,101355.0,0.016988754272460938
357,centred,1000,200,98568.235,100367.0,0.01698780059814453
358,centred,1000,200,102047.775,104134.0,0.0355374813079834
359,centred,1000,200,100967.575,103311.0,0.01598834991455078
360,discreteUniform,1000,400,49476.7025,53933.0,0.006403446197509766
361,discreteUniform,1000,400,49360.19,54245.0,0.030438661575317383
362,discreteUniform,1000,400,50040.0425,55270.0,0.014989376068115234
363,discreteUniform,1000,400,49481.4375,54295.0,0.021480083465576172
364,discreteUniform,1000,400,48389.185,52882.0,0.015988588333129883
365,discreteUniform,1000,400,51048.1875,55475.0,0.015988826751708984
366,discreteUniform,1000,400,49330.5775,54732.0,0.014990091323852539
367,discreteUniform,1000,400,48721.7525,53734.0,0.01698756217956543
368,discreteUniform,1000,400,49480.73,53347.0,0.016988754272460938
369,discreteUniform,1000,400,51379.8,56762.0,0.015986919403076172
370,largeJobs,1000,400,82805.9925,93167.0,0.8724522590637207
371,largeJobs,1000,400,83071.535,93527.0,0.8083353042602539
372,largeJobs,1000,400,83457.2525,92203.0,1.044196605682373
373,largeJobs,1000,400,83213.55,93131.0,0.9538774490356445
374,largeJobs,1000,400,83599.7775,92952.0,1.0069081783294678
375,largeJobs,1000,400,83756.5375,92240.0,1.0400183200836182
376,largeJobs,1000,400,83643.3675,92287.0,1.004991054534912
377,largeJobs,1000,400,83144.7075,91516.0,1.0330274105072021
378,largeJobs,1000,400,82920.8525,90983.0,1.0359413623809814
379,largeJobs,1000,400,83238.0725,92493.0,0.9780194759368896
380,extremes,1000,400,52188.25,56727.0,0.02095198631286621
381,extremes,1000,400,50445.29,54736.0,0.015987634658813477
382,extremes,1000,400,50211.435,53490.0,0.01605391502380371
383,extremes,1000,400,50156.275,52690.0,0.018986940383911133
384,extremes,1000,400,51254.85,53162.0,0.015988588333129883
385,extremes,1000,400,49256.1,52328.0,0.0019562244415283203
386,extremes,1000,400,49847.4075,52389.0,0.030440092086791992
387,extremes,1000,400,49391.285,52966.0,0.01753687858581543
388,extremes,1000,400,49025.705,52106.0,0.018709897994995117
389,extremes,1000,400,49145.175,52037.0,0.017986297607421875
390,centred,1000,400,50669.5075,54890.0,0.31099915504455566
391,centred,1000,400,50035.0875,54403.0,0.3121333122253418
392,centred,1000,400,49070.9975,53403.0,0.26602625846862793
393,centred,1000,400,51394.98,55807.0,0.31708192825317383
394,centred,1000,400,50731.5425,55095.0,0.32896876335144043
395,centred,1000,400,50968.52,56197.0,0.33766746520996094
396,centred,1000,400,50588.025,54598.0,0.30819106101989746
397,centred,1000,400,48879.78,52794.0,0.2833852767944336
398,centred,1000,400,50481.4225,55216.0,0.36801648139953613
399,centred,1000,400,49803.0825,53882.0,0.36435675621032715
400,discreteUniform,1000,600,39946.0,39946.0,0.027709484100341797
401,discreteUniform,1000,600,39996.0,39996.0,0.013989686965942383
402,discreteUniform,1000,600,39997.0,39997.0,0.004323482513427734
403,discreteUniform,1000,600,39932.0,39932.0,0.02765822410583496
404,discreteUniform,1000,600,39903.0,39903.0,0.014988899230957031
405,discreteUniform,1000,600,39952.0,39952.0,0.014990091323852539
406,discreteUniform,1000,600,39877.0,39877.0,0.015042781829833984
407,discreteUniform,1000,600,39945.0,39945.0,0.014991283416748047
408,discreteUniform,1000,600,39979.0,39979.0,0.014037132263183594
409,discreteUniform,1000,600,40000.0,40000.0,0.017965078353881836
410,largeJobs,1000,600,55272.32166666666,65522.0,0.018378257751464844
411,largeJobs,1000,600,55464.70333333333,65825.0,0.014634370803833008
412,largeJobs,1000,600,55939.55,66300.0,0.01599884033203125
413,largeJobs,1000,600,55555.89666666667,66177.0,0.012406587600708008
414,largeJobs,1000,600,55303.28333333333,65909.0,0.02061152458190918
415,largeJobs,1000,600,55437.97833333333,65660.0,0.014988899230957031
416,largeJobs,1000,600,55471.73333333333,66077.0,0.016436338424682617
417,largeJobs,1000,600,55647.62666666666,66361.0,0.015564918518066406
418,largeJobs,1000,600,55427.74166666667,65531.0,0.01498866081237793
419,largeJobs,1000,600,55666.635,65928.0,0.016478538513183594
420,extremes,1000,600,39999.0,39999.0,0.015547037124633789
421,extremes,1000,600,39999.0,39999.0,0.01698780059814453
422,extremes,1000,600,40000.0,40000.0,0.01641106605529785
423,extremes,1000,600,40000.0,40000.0,0.01498866081237793
424,extremes,1000,600,40000.0,40000.0,0.015414953231811523
425,extremes,1000,600,39999.0,39999.0,0.015596151351928711
426,extremes,1000,600,40000.0,40000.0,0.014989137649536133
427,extremes,1000,600,40000.0,40000.0,0.015988588333129883
428,extremes,1000,600,40000.0,40000.0,0.014988899230957031
429,extremes,1000,600,40000.0,40000.0,0.01598834991455078
430,centred,1000,600,37379.0,37379.0,0.015462875366210938
431,centred,1000,600,36447.0,36447.0,0.015588760375976562
432,centred,1000,600,35986.0,36341.0,0.01598834991455078
433,centred,1000,600,37621.0,37621.0,0.011471748352050781
434,centred,1000,600,36907.0,36907.0,0.01199197769165039
435,centred,1000,600,37941.0,37941.0,0.010992765426635742
436,centred,1000,600,36931.0,36931.0,0.009992599487304688
437,centred,1000,600,37244.0,37244.0,0.013988256454467773
438,centred,1000,600,38327.0,38327.0,0.010991334915161133
439,centred,1000,600,36799.0,36799.0,0.011991024017333984
440,discreteUniform,1000,800,39955.0,39955.0,0.013437509536743164
441,discreteUniform,1000,800,39976.0,39976.0,0.013548612594604492
442,discreteUniform,1000,800,39999.0,39999.0,0.014989376068115234
443,discreteUniform,1000,800,39959.0,39959.0,0.0063931941986083984
444,discreteUniform,1000,800,39893.0,39893.0,0.026683568954467773
445,discreteUniform,1000,800,39977.0,39977.0,0.02140641212463379
446,discreteUniform,1000,800,39993.0,39993.0,0.014495372772216797
447,discreteUniform,1000,800,40000.0,40000.0,0.012988805770874023
448,discreteUniform,1000,800,39976.0,39976.0,0.012990713119506836
449,discreteUniform,1000,800,39943.0,39943.0,0.0
450,largeJobs,1000,800,41546.955,59978.0,0.014014244079589844
451,largeJobs,1000,800,41272.11875,59376.0,0.012990713119506836
452,largeJobs,1000,800,41582.23625,59711.0,0.0033555030822753906
453,largeJobs,1000,800,41460.22125,59424.0,0.027638912200927734
454,largeJobs,1000,800,41540.47625,59682.0,0.012990713119506836
455,largeJobs,1000,800,41609.595,59760.0,0.005357265472412109
456,largeJobs,1000,800,41637.16625,60138.0,0.022682905197143555
457,largeJobs,1000,800,41665.2375,60145.0,0.013989925384521484
458,largeJobs,1000,800,41534.56125,59891.0,0.014427661895751953
459,largeJobs,1000,800,41321.1775,59664.0,0.013533592224121094
460,extremes,1000,800,40000.0,40000.0,0.013990163803100586
461,extremes,1000,800,40000.0,40000.0,0.011384725570678711
462,extremes,1000,800,40000.0,40000.0,0.01667189598083496
463,extremes,1000,800,40000.0,40000.0,0.012990474700927734
464,extremes,1000,800,40000.0,40000.0,0.01299142837524414
465,extremes,1000,800,40000.0,40000.0,0.014467954635620117
466,extremes,1000,800,39999.0,39999.0,0.013557910919189453
467,extremes,1000,800,40000.0,40000.0,0.013990163803100586
468,extremes,1000,800,40000.0,40000.0,0.014990091323852539
469,extremes,1000,800,40000.0,40000.0,0.01398777961730957
470,centred,1000,800,37420.0,37420.0,0.009992837905883789
471,centred,1000,800,38057.0,38057.0,0.009372711181640625
472,centred,1000,800,37556.0,37556.0,0.0
473,centred,1000,800,37147.0,37147.0,0.02570343017578125
474,centred,1000,800,37578.0,37578.0,0.009991884231567383
475,centred,1000,800,38115.0,38115.0,0.009993553161621094
476,centred,1000,800,36311.0,36311.0,0.009992361068725586
477,centred,1000,800,37009.0,37009.0,0.00999307632446289
478,centred,1000,800,37614.0,37614.0,0.010992050170898438
479,centred,1000,800,37582.0,37582.0,0.009992837905883789
480,discreteUniform,10000,2000,99529.434,103201.0,0.2011401653289795
481,discreteUniform,10000,2000,99736.989,103449.0,0.18488121032714844
482,discreteUniform,10000,2000,99675.668,103633.0,0.24236297607421875
483,discreteUniform,10000,2000,100165.5005,103917.0,0.6206028461456299
484,discreteUniform,10000,2000,99173.853,102487.0,3.0870728492736816
485,discreteUniform,10000,2000,100612.4085,104372.0,0.26614928245544434
486,discreteUniform,10000,2000,99535.888,103245.0,0.44291067123413086
487,discreteUniform,10000,2000,100521.947,104000.0,0.3550257682800293
488,discreteUniform,10000,2000,100186.307,103859.0,1.0440638065338135
489,discreteUniform,10000,2000,100146.5,103974.0,0.2458815574645996
490,largeJobs,10000,2000,166612.6965,169006.0,0.21005654335021973
491,largeJobs,10000,2000,166315.1085,168778.0,0.7054741382598877
492,largeJobs,10000,2000,166480.3995,168988.0,0.37043023109436035
493,largeJobs,10000,2000,166890.8685,169373.0,0.5989618301391602
494,largeJobs,10000,2000,166500.752,168886.0,0.2980024814605713
495,largeJobs,10000,2000,166828.5315,169292.0,0.347489595413208
496,largeJobs,10000,2000,166865.1905,169165.0,0.15795588493347168
497,largeJobs,10000,2000,166514.747,168921.0,0.25658631324768066
498,largeJobs,10000,2000,166613.7835,169171.0,0.2024092674255371
499,largeJobs,10000,2000,166867.9365,169280.0,0.4409668445587158
500,extremes,10000,2000,101936.464,102403.0,0.17928647994995117
501,extremes,10000,2000,100761.774,101065.0,0.17932796478271484
502,extremes,10000,2000,100905.43,101188.0,0.1803147792816162
503,extremes,10000,2000,99944.499,100254.0,0.1910085678100586
504,extremes,10000,2000,100953.5105,101348.0,0.19703340530395508
505,extremes,10000,2000,99505.5915,99848.0,0.19397854804992676
506,extremes,10000,2000,100368.9515,100565.0,0.19392871856689453
507,extremes,10000,2000,99861.6925,100280.0,0.20003485679626465
508,extremes,10000,2000,98616.492,99003.0,0.18503475189208984
509,extremes,10000,2000,100247.64,101048.0,0.18885064125061035
510,centred,10000,2000,99171.128,101343.0,0.29602646827697754
511,centred,10000,2000,100474.1825,102964.0,0.19364333152770996
512,centred,10000,2000,100380.2375,102752.0,0.15004420280456543
513,centred,10000,2000,99950.504,102208.0,0.1879880428314209
514,centred,10000,2000,100015.643,102339.0,0.19893860816955566
515,centred,10000,2000,100498.003,102746.0,0.19102048873901367
516,centred,10000,2000,100066.377,102338.0,0.35004258155822754
517,centred,10000,2000,100763.268,102875.0,0.19991731643676758
518,centred,10000,2000,100248.035,102546.0,0.27313923835754395
519,centred,10000,2000,100038.8685,102409.0,0.20039987564086914
520,discreteUniform,10000,4000,49862.44,55303.0,0.8875083923339844
521,discreteUniform,10000,4000,49750.6725,55390.0,0.21105146408081055
522,discreteUniform,10000,4000,50240.61825,55940.0,0.20528769493103027
523,discreteUniform,10000,4000,50244.33325,56088.0,0.2573506832122803
524,discreteUniform,10000,4000,50349.12075,56206.0,0.20824718475341797
525,discreteUniform,10000,4000,50221.1065,55786.0,0.1970081329345703
526,discreteUniform,10000,4000,49939.116,55596.0,0.2049553394317627
527,discreteUniform,10000,4000,50012.3855,55782.0,0.19894862174987793
528,discreteUniform,10000,4000,50124.716,55971.0,0.35497593879699707
529,discreteUniform,10000,4000,50008.7635,55673.0,0.19997501373291016
530,largeJobs,10000,4000,83264.62125,99706.0,1.0305094718933105
531,largeJobs,10000,4000,83292.3015,99446.0,0.29998326301574707
532,largeJobs,10000,4000,83381.1995,99615.0,0.6739833354949951
533,largeJobs,10000,4000,83321.7655,99559.0,1.3500170707702637
534,largeJobs,10000,4000,83275.19425,99302.0,2.763962745666504
535,largeJobs,10000,4000,83263.43025,99397.0,0.2316741943359375
536,largeJobs,10000,4000,83517.1585,99895.0,0.49895811080932617
537,largeJobs,10000,4000,83240.4655,99241.0,2.0847034454345703
538,largeJobs,10000,4000,83313.95175,99659.0,0.2649393081665039
539,largeJobs,10000,4000,83471.7365,99662.0,1.662099838256836
540,extremes,10000,4000,50077.688,52455.0,0.1984570026397705
541,extremes,10000,4000,49896.85625,52099.0,0.21157073974609375
542,extremes,10000,4000,50205.4265,52355.0,0.19877839088439941
543,extremes,10000,4000,50090.83925,52626.0,0.20598101615905762
544,extremes,10000,4000,50639.5435,53365.0,0.196044921875
545,extremes,10000,4000,50405.35125,53165.0,0.19727802276611328
546,extremes,10000,4000,50004.51675,52603.0,0.21295404434204102
547,extremes,10000,4000,50112.785,52716.0,0.21011757850646973
548,extremes,10000,4000,49729.59375,52155.0,0.20186829566955566
549,extremes,10000,4000,50540.416,53421.0,0.20040178298950195
550,centred,10000,4000,50142.17775,57557.0,3.472944498062134
551,centred,10000,4000,49820.71125,57374.0,0.75002121925354
552,centred,10000,4000,50497.85575,58033.0,1.1585462093353271
553,centred,10000,4000,50081.724,57668.0,1.398961067199707
554,centred,10000,4000,50388.87825,58291.0,0.4746863842010498
555,centred,10000,4000,49918.9405,57602.0,0.34299373626708984
556,centred,10000,4000,49668.1685,57293.0,1.2250103950500488
557,centred,10000,4000,50052.93075,57769.0,0.6621170043945312
558,centred,10000,4000,49829.38475,57198.0,1.5000314712524414
559,centred,10000,4000,50086.51175,57852.0,0.3939213752746582
560,discreteUniform,10000,6000,39998.0,39998.0,0.2202162742614746
561,discreteUniform,10000,6000,40000.0,40000.0,0.20002317428588867
562,discreteUniform,10000,6000,39994.0,39994.0,0.20664453506469727
563,discreteUniform,10000,6000,39999.0,39999.0,0.22944092750549316
564,discreteUniform,10000,6000,40000.0,40000.0,0.22454166412353516
565,discreteUniform,10000,6000,39995.0,39995.0,0.23314952850341797
566,discreteUniform,10000,6000,39999.0,39999.0,0.22605085372924805
567,discreteUniform,10000,6000,39998.0,39998.0,0.23446989059448242
568,discreteUniform,10000,6000,39997.0,39997.0,0.22878003120422363
569,discreteUniform,10000,6000,39994.0,39994.0,0.20561456680297852
570,largeJobs,10000,6000,55484.30066666667,65924.0,0.24208474159240723
571,largeJobs,10000,6000,55680.93616666667,66183.0,0.2409837245941162
572,largeJobs,10000,6000,55613.77133333333,66002.0,0.23704957962036133
573,largeJobs,10000,6000,55547.513666666666,65950.0,0.22801637649536133
574,largeJobs,10000,6000,55621.647666666664,66075.0,0.21779727935791016
575,largeJobs,10000,6000,55646.669,66138.0,0.23339533805847168
576,largeJobs,10000,6000,55560.49,66058.0,0.22299647331237793
577,largeJobs,10000,6000,55584.623166666664,66115.0,0.22508478164672852
578,largeJobs,10000,6000,55515.653666666665,66055.0,0.22600245475769043
579,largeJobs,10000,6000,55555.992666666665,66000.0,0.23297643661499023
580,extremes,10000,6000,40000.0,40000.0,0.21735405921936035
581,extremes,10000,6000,40000.0,40000.0,0.2281043529510498
582,extremes,10000,6000,40000.0,40000.0,0.24803709983825684
583,extremes,10000,6000,40000.0,40000.0,0.2380201816558838
584,extremes,10000,6000,40000.0,40000.0,0.2289886474609375
585,extremes,10000,6000,40000.0,40000.0,0.22351408004760742
586,extremes,10000,6000,40000.0,40000.0,0.2199556827545166
587,extremes,10000,6000,40000.0,40000.0,0.22200798988342285
588,extremes,10000,6000,40000.0,40000.0,0.21944499015808105
589,extremes,10000,6000,40000.0,40000.0,0.22475481033325195
590,centred,10000,6000,38980.0,38980.0,0.1782844066619873
591,centred,10000,6000,38215.0,38215.0,0.1855616569519043
592,centred,10000,6000,38573.0,38573.0,0.1880185604095459
593,centred,10000,6000,38133.0,38133.0,0.16834759712219238
594,centred,10000,6000,38397.0,38397.0,0.17588472366333008
595,centred,10000,6000,38066.0,38066.0,0.17807531356811523
596,centred,10000,6000,38494.0,38494.0,0.19137310981750488
597,centred,10000,6000,38561.0,38561.0,0.1860051155090332
598,centred,10000,6000,38423.0,38423.0,0.17954325675964355
599,centred,10000,6000,38955.0,38955.0,0.17761993408203125
600,discreteUniform,10000,8000,39997.0,39997.0,0.1960451602935791
601,discreteUniform,10000,8000,40000.0,40000.0,0.22960424423217773
602,discreteUniform,10000,8000,39998.0,39998.0,0.20003890991210938
603,discreteUniform,10000,8000,39996.0,39996.0,0.20958518981933594
604,discreteUniform,10000,8000,40000.0,40000.0,0.21000146865844727
605,discreteUniform,10000,8000,39992.0,39992.0,0.20004940032958984
606,discreteUniform,10000,8000,39999.0,39999.0,0.19756102561950684
607,discreteUniform,10000,8000,39995.0,39995.0,0.19041967391967773
608,discreteUniform,10000,8000,39992.0,39992.0,0.19603776931762695
609,discreteUniform,10000,8000,39993.0,39993.0,0.19252872467041016
610,largeJobs,10000,8000,41612.16275,59940.0,0.19190740585327148
611,largeJobs,10000,8000,41651.209,60010.0,0.2224137783050537
612,largeJobs,10000,8000,41747.381,60421.0,0.20661664009094238
613,largeJobs,10000,8000,41669.12825,59945.0,0.2104358673095703
614,largeJobs,10000,8000,41650.576125,60013.0,0.18889141082763672
615,largeJobs,10000,8000,41660.501375,60170.0,0.21002411842346191
616,largeJobs,10000,8000,41659.739875,60168.0,0.23669099807739258
617,largeJobs,10000,8000,41682.59425,60096.0,0.2013108730316162
618,largeJobs,10000,8000,41646.55075,60039.0,0.22364330291748047
619,largeJobs,10000,8000,41692.371375,60232.0,0.21041631698608398
620,extremes,10000,8000,40000.0,40000.0,0.20565414428710938
621,extremes,10000,8000,40000.0,40000.0,0.20736098289489746
622,extremes,10000,8000,40000.0,40000.0,0.20292448997497559
623,extremes,10000,8000,40000.0,40000.0,0.17734217643737793
624,extremes,10000,8000,40000.0,40000.0,0.20590519905090332
625,extremes,10000,8000,40000.0,40000.0,0.2064805030822754
626,extremes,10000,8000,40000.0,40000.0,0.20398235321044922
627,extremes,10000,8000,40000.0,40000.0,0.2150254249572754
628,extremes,10000,8000,40000.0,40000.0,0.19904828071594238
629,extremes,10000,8000,40000.0,40000.0,0.2002716064453125
630,centred,10000,8000,38144.0,38144.0,0.16278457641601562
631,centred,10000,8000,38276.0,38276.0,0.16603946685791016
632,centred,10000,8000,39016.0,39016.0,0.16475367546081543
633,centred,10000,8000,38103.0,38103.0,0.16000747680664062
634,centred,10000,8000,38194.0,38194.0,0.16395163536071777
635,centred,10000,8000,38128.0,38128.0,0.17103147506713867
636,centred,10000,8000,38829.0,38829.0,0.168410062789917
637,centred,10000,8000,39022.0,39022.0,0.17354917526245117
638,centred,10000,8000,39285.0,39285.0,0.16129064559936523
639,centred,10000,8000,38732.0,38732.0,0.17196321487426758
640,discreteUniform,100000,20000,100328.79195,104262.0,3.6708908081054688
641,discreteUniform,100000,20000,100081.90395,103994.0,3.4481420516967773
642,discreteUniform,100000,20000,100077.9166,103999.0,3.7226624488830566
643,discreteUniform,100000,20000,99951.07165,103745.0,4.456724405288696
644,discreteUniform,100000,20000,100020.9218,103933.0,4.567970275878906
645,discreteUniform,100000,20000,100066.6101,104033.0,4.80291223526001
646,discreteUniform,100000,20000,99957.92755,103841.0,3.2877306938171387
647,discreteUniform,100000,20000,100036.0236,104003.0,3.8941092491149902
648,discreteUniform,100000,20000,99993.3933,103874.0,3.5738043785095215
649,discreteUniform,100000,20000,99998.50495,103948.0,3.591808319091797
650,largeJobs,100000,20000,39996.0,169137.0,3.5025269985198975
651,largeJobs,100000,20000,39983.0,169123.0,3.5103085041046143
652,largeJobs,100000,20000,39983.0,169118.0,2.968315839767456
653,largeJobs,100000,20000,39987.0,169181.0,3.061924695968628
654,largeJobs,100000,20000,39992.0,169289.0,2.9614367485046387
655,largeJobs,100000,20000,39993.0,169179.0,2.9950597286224365
656,largeJobs,100000,20000,39989.0,169155.0,2.9559988975524902
657,largeJobs,100000,20000,39989.0,169088.0,3.558121681213379
658,largeJobs,100000,20000,39971.0,169118.0,3.0930819511413574
659,largeJobs,100000,20000,39985.0,169133.0,2.9731929302215576
660,extremes,100000,20000,100065.4158,100182.0,3.798659086227417
661,extremes,100000,20000,99714.06375,99814.0,3.6624810695648193
662,extremes,100000,20000,100062.33345,100172.0,3.5534231662750244
663,extremes,100000,20000,99805.47005,99917.0,3.7189669609069824
664,extremes,100000,20000,99942.0012,100063.0,3.671832323074341
665,extremes,100000,20000,100077.6003,100227.0,3.7141213417053223
666,extremes,100000,20000,100231.34145,100322.0,3.5769503116607666
667,extremes,100000,20000,99992.0141,100160.0,3.5881142616271973
668,extremes,100000,20000,100176.0709,100272.0,3.7430484294891357
669,extremes,100000,20000,99777.5533,99884.0,4.230460166931152
670,centred,100000,20000,99894.6358,102208.0,5.000108242034912
671,centred,100000,20000,100063.6069,102394.0,4.778286695480347
672,centred,100000,20000,100168.4152,102506.0,4.630732536315918
673,centred,100000,20000,100133.68285,102454.0,5.2005040645599365
674,centred,100000,20000,100034.26425,102322.0,5.302224636077881
675,centred,100000,20000,99942.8827,102249.0,4.67220139503479
676,centred,100000,20000,99972.45695,102294.0,4.814476251602173
677,centred,100000,20000,99982.489,102274.0,5.112046957015991
678,centred,100000,20000,99959.8196,102299.0,4.650215148925781
679,centred,100000,20000,100011.15925,102387.0,4.065910577774048
680,discreteUniform,100000,40000,50072.76395,55952.0,5.665994167327881
681,discreteUniform,100000,40000,49934.0831,55801.0,6.124757528305054
682,discreteUniform,100000,40000,49915.249325,55876.0,6.838289022445679
683,discreteUniform,100000,40000,50056.9299,55906.0,6.056720733642578
684,discreteUniform,100000,40000,49946.8185,55862.0,6.278372764587402
685,discreteUniform,100000,40000,49987.83245,55871.0,5.720393419265747
686,discreteUniform,100000,40000,49997.534325,55935.0,6.0805182456970215
687,discreteUniform,100000,40000,49987.283825,55890.0,6.141388416290283
688,discreteUniform,100000,40000,50150.211475,56038.0,6.202926397323608
689,discreteUniform,100000,40000,50037.51205,55994.0,6.265141248703003
690,largeJobs,100000,40000,39978.0,99633.0,4.591694116592407
691,largeJobs,100000,40000,39976.0,99620.0,4.759014129638672
692,largeJobs,100000,40000,39994.0,99611.0,4.287689447402954
693,largeJobs,100000,40000,39988.0,99587.0,4.300048828125
694,largeJobs,100000,40000,39988.0,99648.0,4.415444374084473
695,largeJobs,100000,40000,39989.0,99561.0,4.178375959396362
696,largeJobs,100000,40000,39997.0,99648.0,4.441637992858887
697,largeJobs,100000,40000,39986.0,99768.0,4.131336450576782
698,largeJobs,100000,40000,40000.0,99672.0,4.119050025939941
699,largeJobs,100000,40000,39980.0,99571.0,4.1499786376953125
700,extremes,100000,40000,49930.51855,52075.0,5.370056390762329
701,extremes,100000,40000,50002.106725,52429.0,5.3670477867126465
702,extremes,100000,40000,49869.512975,52333.0,5.467371463775635
703,extremes,100000,40000,49846.293675,52221.0,5.446653366088867
704,extremes,100000,40000,49961.2316,52302.0,5.404037237167358
705,extremes,100000,40000,49880.38385,52290.0,5.20117712020874
706,extremes,100000,40000,49818.7794,52120.0,5.2270896434783936
707,extremes,100000,40000,50240.249425,52734.0,5.175562620162964
708,extremes,100000,40000,49914.10655,52089.0,5.199038505554199
709,extremes,100000,40000,50063.2933,52535.0,5.180254220962524
710,centred,100000,40000,49953.21485,57605.0,6.530842065811157
711,centred,100000,40000,49975.759875,57675.0,6.486429452896118
712,centred,100000,40000,49935.391775,57575.0,6.481731653213501
713,centred,100000,40000,49934.897925,57652.0,6.388025522232056
714,centred,100000,40000,50075.815875,57876.0,6.399380207061768
715,centred,100000,40000,50054.04495,57707.0,6.933418273925781
716,centred,100000,40000,50092.964875,57795.0,6.405014753341675
717,centred,100000,40000,50017.01505,57677.0,7.000101566314697
718,centred,100000,40000,49889.1445,57536.0,6.423469543457031
719,centred,100000,40000,50068.3634,57767.0,7.952085256576538
720,discreteUniform,100000,60000,40000.0,40000.0,8.979507446289062
721,discreteUniform,100000,60000,40000.0,40000.0,8.901510238647461
722,discreteUniform,100000,60000,40000.0,40000.0,9.117081880569458
723,discreteUniform,100000,60000,40000.0,40000.0,9.269131183624268
724,discreteUniform,100000,60000,40000.0,40000.0,9.174336910247803
725,discreteUniform,100000,60000,40000.0,40000.0,9.23681354522705
726,discreteUniform,100000,60000,40000.0,40000.0,9.953091621398926
727,discreteUniform,100000,60000,40000.0,40000.0,9.187121152877808
728,discreteUniform,100000,60000,40000.0,40000.0,8.946181058883667
729,discreteUniform,100000,60000,40000.0,40000.0,9.060256004333496
730,largeJobs,100000,60000,39987.0,65989.0,5.550057649612427
731,largeJobs,100000,60000,39963.0,65924.0,5.5396764278411865
732,largeJobs,100000,60000,39982.0,65935.0,5.639221429824829
733,largeJobs,100000,60000,39996.0,65938.0,6.011464595794678
734,largeJobs,100000,60000,39989.0,66015.0,5.749065637588501
735,largeJobs,100000,60000,40000.0,65998.0,5.789719343185425
736,largeJobs,100000,60000,39984.0,65982.0,5.588636159896851
737,largeJobs,100000,60000,39981.0,65977.0,5.487179279327393
738,largeJobs,100000,60000,39995.0,65971.0,5.551315784454346
739,largeJobs,100000,60000,39994.0,65991.0,5.586162805557251
740,extremes,100000,60000,40000.0,40000.0,8.924818992614746
741,extremes,100000,60000,40000.0,40000.0,8.870491981506348
742,extremes,100000,60000,40000.0,40000.0,8.93813967704773
743,extremes,100000,60000,40000.0,40000.0,8.818939685821533
744,extremes,100000,60000,40000.0,40000.0,8.709569931030273
745,extremes,100000,60000,40000.0,40000.0,8.926631450653076
746,extremes,100000,60000,40000.0,40000.0,8.809200286865234
747,extremes,100000,60000,40000.0,40000.0,9.199369192123413
748,extremes,100000,60000,40000.0,40000.0,9.052680253982544
749,extremes,100000,60000,40000.0,40000.0,8.73338532447815
750,centred,100000,60000,39144.0,39144.0,7.387103319168091
751,centred,100000,60000,39415.0,39415.0,7.433160066604614
752,centred,100000,60000,39541.0,39541.0,7.68375825881958
753,centred,100000,60000,38827.0,38827.0,7.5505030155181885
754,centred,100000,60000,38840.0,38840.0,7.405059814453125
755,centred,100000,60000,39741.0,39741.0,7.443575143814087
756,centred,100000,60000,39272.0,39272.0,7.4665491580963135
757,centred,100000,60000,38942.0,38942.0,7.372136831283569
758,centred,100000,60000,39650.0,39650.0,7.525841951370239
759,centred,100000,60000,38962.0,38962.0,7.5921790599823
760,discreteUniform,100000,80000,40000.0,40000.0,7.753991365432739
761,discreteUniform,100000,80000,40000.0,40000.0,7.5141823291778564
762,discreteUniform,100000,80000,39999.0,39999.0,7.82878851890564
763,discreteUniform,100000,80000,40000.0,40000.0,7.824903249740601
764,discreteUniform,100000,80000,40000.0,40000.0,7.898331880569458
765,discreteUniform,100000,80000,39999.0,39999.0,7.8766303062438965
766,discreteUniform,100000,80000,40000.0,40000.0,7.499340295791626
767,discreteUniform,100000,80000,40000.0,40000.0,7.474323034286499
768,discreteUniform,100000,80000,40000.0,40000.0,7.5084240436553955
769,discreteUniform,100000,80000,40000.0,40000.0,7.451635837554932
770,largeJobs,100000,80000,39993.0,60107.0,4.519174098968506
771,largeJobs,100000,80000,39972.0,60207.0,4.528717517852783
772,largeJobs,100000,80000,39989.0,60058.0,4.507562637329102
773,largeJobs,100000,80000,39953.0,60113.0,4.506767511367798
774,largeJobs,100000,80000,39981.0,60116.0,4.637182235717773
775,largeJobs,100000,80000,39984.0,60099.0,4.70506739616394
776,largeJobs,100000,80000,39991.0,60095.0,4.629129886627197
777,largeJobs,100000,80000,39979.0,60129.0,4.656978368759155
778,largeJobs,100000,80000,39972.0,60125.0,4.734701633453369
779,largeJobs,100000,80000,39980.0,60195.0,4.6500020027160645
780,extremes,100000,80000,40000.0,40000.0,7.865992546081543
781,extremes,100000,80000,40000.0,40000.0,7.7690582275390625
782,extremes,100000,80000,40000.0,40000.0,7.89664363861084
783,extremes,100000,80000,40000.0,40000.0,7.893228769302368
784,extremes,100000,80000,40000.0,40000.0,7.860477924346924
785,extremes,100000,80000,40000.0,40000.0,7.923502683639526
786,extremes,100000,80000,40000.0,40000.0,7.966426134109497
787,extremes,100000,80000,40000.0,40000.0,7.850177764892578
788,extremes,100000,80000,40000.0,40000.0,7.825076103210449
789,extremes,100000,80000,40000.0,40000.0,7.7991509437561035
790,centred,100000,80000,39400.0,39400.0,5.931109666824341
791,centred,100000,80000,38828.0,38828.0,5.794044733047485
792,centred,100000,80000,38990.0,38990.0,5.704493045806885
793,centred,100000,80000,39184.0,39184.0,5.6869056224823
794,centred,100000,80000,39008.0,39008.0,5.755369663238525
795,centred,100000,80000,39204.0,39204.0,5.814253330230713
796,centred,100000,80000,38906.0,38906.0,5.748084545135498
797,centred,100000,80000,39128.0,39128.0,5.824810743331909
798,centred,100000,80000,39206.0,39206.0,5.704577684402466
799,centred,100000,80000,38907.0,38907.0,5.729035139083862
