,jobDist,n,m,lowerBound,cost,time,timeToBestCost
0,discreteUniform,10,2,83678.0,83690,39.400057315826416,1.02232027053833
1,discreteUniform,10,2,76275.5,76304,39.40000653266907,0.0
2,discreteUniform,10,2,99790.0,99851,39.40092658996582,0.0
3,discreteUniform,10,2,101747.0,101812,39.40034365653992,0.0009982585906982422
4,discreteUniform,10,2,127758.5,127917,39.400009870529175,0.0009984970092773438
5,discreteUniform,10,2,110093.0,110109,39.4000449180603,0.0009992122650146484
6,discreteUniform,10,2,68419.0,68548,39.400506019592285,0.0
7,discreteUniform,10,2,83421.5,83425,39.40050745010376,0.0
8,discreteUniform,10,2,90017.5,90032,39.4007089138031,0.00099945068359375
9,discreteUniform,10,2,111186.0,111225,39.40037202835083,0.0010023117065429688
10,largeJobs,10,2,165135.5,165182,39.400538206100464,0.0
11,largeJobs,10,2,173677.0,173792,39.40049695968628,0.0
12,largeJobs,10,2,162669.5,162692,39.40005373954773,0.0
13,largeJobs,10,2,176380.0,176433,39.40054106712341,0.0010008811950683594
14,largeJobs,10,2,160723.0,160855,39.40044569969177,0.00099945068359375
15,largeJobs,10,2,174409.5,174474,39.40002942085266,0.0019981861114501953
16,largeJobs,10,2,172445.5,172448,39.40042495727539,0.0009982585906982422
17,largeJobs,10,2,167904.0,167952,39.403032541275024,0.0
18,largeJobs,10,2,177613.5,177655,39.4000141620636,0.0009989738464355469
19,largeJobs,10,2,163360.0,163363,39.40011191368103,0.0
20,extremes,10,2,160520.5,160706,39.40008091926575,0.0
21,extremes,10,2,87907.5,88024,39.40099477767944,0.0
22,extremes,10,2,131501.0,135805,39.400059938430786,0.0
23,extremes,10,2,141933.5,142028,39.4005446434021,0.0
24,extremes,10,2,95345.0,95602,39.400604009628296,0.0
25,extremes,10,2,61789.5,61852,39.40094518661499,0.0
26,extremes,10,2,122338.5,122597,39.400014877319336,0.0
27,extremes,10,2,107216.5,107258,39.40088248252869,0.00099945068359375
28,extremes,10,2,104485.0,104601,39.400201082229614,0.00099945068359375
29,extremes,10,2,122053.5,122210,39.40089654922485,0.0
30,centred,10,2,102981.0,103017,39.40068507194519,0.0
31,centred,10,2,97518.5,97712,39.40550255775452,0.0009999275207519531
32,centred,10,2,96525.5,96608,39.4008104801178,0.0009992122650146484
33,centred,10,2,83944.5,84269,39.40060472488403,0.0
34,centred,10,2,95345.5,95351,39.40068197250366,0.0
35,centred,10,2,95529.0,95549,39.40074682235718,0.0
36,centred,10,2,112678.0,112732,39.410074949264526,0.0
37,centred,10,2,94199.0,94239,39.40052390098572,0.0010013580322265625
38,centred,10,2,104755.0,104839,39.40011525154114,0.0
39,centred,10,2,87241.5,87283,39.40005040168762,0.0
40,discreteUniform,10,4,57331.25,58022,39.40085053443909,0.0
41,discreteUniform,10,4,49435.5,55884,39.40010046958923,0.0
42,discreteUniform,10,4,63148.0,63585,39.41050100326538,0.0
43,discreteUniform,10,4,40969.5,45654,39.40044832229614,0.0
44,discreteUniform,10,4,45419.5,47545,39.40056324005127,0.0
45,discreteUniform,10,4,48676.5,49318,39.400256872177124,0.00099945068359375
46,discreteUniform,10,4,54598.25,58554,39.40057563781738,0.0
47,discreteUniform,10,4,39623.75,40897,39.40060234069824,0.0
48,discreteUniform,10,4,40572.5,41549,39.40035533905029,0.0
49,discreteUniform,10,4,54978.5,58077,39.400975704193115,0.0010013580322265625
50,largeJobs,10,4,84329.0,94905,39.40005159378052,0.0009989738464355469
51,largeJobs,10,4,84176.0,92481,39.40058946609497,0.0
52,largeJobs,10,4,82592.25,93322,39.40061974525452,0.0
53,largeJobs,10,4,88422.0,101498,39.40005707740784,0.0
54,largeJobs,10,4,83034.75,95626,39.40070152282715,0.0
55,largeJobs,10,4,86744.5,98823,39.400643825531006,0.0
56,largeJobs,10,4,83473.0,92603,39.400595903396606,0.0
57,largeJobs,10,4,83997.75,94734,39.40012240409851,0.0
58,largeJobs,10,4,76161.0,84867,39.400639057159424,0.0
59,largeJobs,10,4,81116.5,89008,39.4006712436676,0.0
60,extremes,10,4,36704.0,36704,0.0,0.0
61,extremes,10,4,63165.25,73767,39.40067744255066,0.0
62,extremes,10,4,52326.25,54471,39.40063261985779,0.0
63,extremes,10,4,58669.75,61345,39.4006507396698,0.0
64,extremes,10,4,44424.5,56306,39.40067791938782,0.0
65,extremes,10,4,58493.75,59665,39.40008282661438,0.0
66,extremes,10,4,54348.25,56924,39.40087652206421,0.0
67,extremes,10,4,47935.5,60295,39.40097784996033,0.0
68,extremes,10,4,35078.0,35078,0.0,0.0
69,extremes,10,4,51971.25,56304,39.40049433708191,0.0
70,centred,10,4,47260.75,49527,39.40054178237915,0.0
71,centred,10,4,54665.0,55863,39.40069341659546,0.0
72,centred,10,4,39757.75,40462,39.40004920959473,0.0
73,centred,10,4,60172.75,62003,39.40009617805481,0.0
74,centred,10,4,49172.5,51398,39.400179624557495,0.0
75,centred,10,4,47804.25,49934,39.40091395378113,0.0
76,centred,10,4,58860.75,59574,39.41205954551697,0.0
77,centred,10,4,42181.75,43503,39.40063810348511,0.0
78,centred,10,4,49546.75,51543,39.40073752403259,0.0
79,centred,10,4,53705.0,55144,39.40004062652588,0.0009992122650146484
80,discreteUniform,10,6,37531.833333333336,40580,39.40002655982971,0.0
81,discreteUniform,10,6,36107.0,36107,0.0,0.0
82,discreteUniform,10,6,42103.166666666664,47638,39.40007400512695,0.0
83,discreteUniform,10,6,37861.0,37861,0.0,0.0
84,discreteUniform,10,6,43810.0,60781,39.40002727508545,0.0
85,discreteUniform,10,6,31213.0,36299,39.400835037231445,0.0
86,discreteUniform,10,6,35292.0,38082,39.40052843093872,0.0
87,discreteUniform,10,6,36380.666666666664,49413,39.40011143684387,0.0
88,discreteUniform,10,6,38982.0,38982,0.0,0.0
89,discreteUniform,10,6,34221.0,34221,0.0,0.0
90,largeJobs,10,6,56819.0,66536,39.40091061592102,0.0
91,largeJobs,10,6,55526.833333333336,67419,39.40010976791382,0.0
92,largeJobs,10,6,57275.333333333336,69316,39.40086317062378,0.0
93,largeJobs,10,6,52359.833333333336,62208,39.40093278884888,0.0
94,largeJobs,10,6,53188.666666666664,64362,39.40067791938782,0.0
95,largeJobs,10,6,56213.833333333336,66410,39.40073537826538,0.0
96,largeJobs,10,6,55991.833333333336,67171,39.40063428878784,0.0
97,largeJobs,10,6,57074.333333333336,67482,39.40066957473755,0.0
98,largeJobs,10,6,57643.166666666664,68952,39.41366147994995,0.0
99,largeJobs,10,6,51792.166666666664,60400,39.40100049972534,0.0
100,extremes,10,6,29980.0,29980,0.0,0.0
101,extremes,10,6,39782.0,39782,0.0,0.0
102,extremes,10,6,36101.0,36101,0.0,0.0
103,extremes,10,6,48292.166666666664,64220,39.4014618396759,0.0
104,extremes,10,6,39373.0,40465,39.403018951416016,0.0
105,extremes,10,6,39028.0,39028,0.0,0.0
106,extremes,10,6,39532.0,58682,39.40026879310608,0.0
107,extremes,10,6,44423.166666666664,55361,39.40097451210022,0.0010013580322265625
108,extremes,10,6,39950.0,39950,0.0,0.0
109,extremes,10,6,44606.333333333336,59372,39.4006028175354,0.0
110,centred,10,6,31342.333333333332,36065,39.400033712387085,0.0
111,centred,10,6,33407.0,36571,39.400254249572754,0.0
112,centred,10,6,29189.166666666668,32808,39.403955936431885,0.0
113,centred,10,6,31190.5,35940,39.406538009643555,0.0
114,centred,10,6,33962.5,38442,39.40096974372864,0.0
115,centred,10,6,31862.0,36318,39.40099120140076,0.0
116,centred,10,6,29544.166666666668,33045,39.40091109275818,0.0
117,centred,10,6,39700.5,46054,39.40011954307556,0.0009992122650146484
118,centred,10,6,29035.333333333332,31716,39.400089502334595,0.0
119,centred,10,6,35537.666666666664,40572,39.40005087852478,0.0
120,discreteUniform,10,8,38533.0,38533,0.0,0.0
121,discreteUniform,10,8,35841.0,35841,0.0,0.0
122,discreteUniform,10,8,28555.0,28555,0.0,0.0
123,discreteUniform,10,8,26427.0,26427,0.0009989738464355469,0.0
124,discreteUniform,10,8,37526.0,37526,0.0009989738464355469,0.0
125,discreteUniform,10,8,38948.0,38948,0.0,0.0
126,discreteUniform,10,8,37602.0,37602,0.0,0.0
127,discreteUniform,10,8,39451.0,39451,0.0,0.0
128,discreteUniform,10,8,26057.0,26057,0.0,0.0
129,discreteUniform,10,8,38997.0,38997,0.0,0.0
130,largeJobs,10,8,41427.375,63151,39.40058708190918,0.0
131,largeJobs,10,8,40937.125,60837,39.40062880516052,0.0
132,largeJobs,10,8,43587.5,63709,39.400065898895264,0.0
133,largeJobs,10,8,42279.25,60312,39.40057682991028,0.0
134,largeJobs,10,8,42534.625,62341,39.401029109954834,0.0
135,largeJobs,10,8,40908.125,60427,39.41009545326233,0.0
136,largeJobs,10,8,39980.125,57340,39.40037775039673,0.0
137,largeJobs,10,8,42520.0,62732,39.411314487457275,0.0
138,largeJobs,10,8,43305.0,66400,39.40699362754822,0.0
139,largeJobs,10,8,41903.25,58742,39.40377140045166,0.0
140,extremes,10,8,38251.0,38251,0.0,0.0
141,extremes,10,8,38936.0,38936,0.0,0.0
142,extremes,10,8,38235.0,38235,0.0,0.0
143,extremes,10,8,38869.0,38869,0.0,0.0
144,extremes,10,8,39716.0,39716,0.0,0.0
145,extremes,10,8,39961.0,39961,0.0,0.0
146,extremes,10,8,39410.0,39410,0.0,0.0
147,extremes,10,8,35768.0,35768,0.0,0.0
148,extremes,10,8,39365.0,39365,0.0,0.0
149,extremes,10,8,39952.0,39952,0.0,0.0
150,centred,10,8,27631.0,27631,0.0,0.0
151,centred,10,8,28631.0,32470,39.4004020690918,0.0
152,centred,10,8,32536.0,32536,0.0,0.0
153,centred,10,8,29882.0,38157,39.410422563552856,0.0
154,centred,10,8,26040.0,30763,39.40099549293518,0.0
155,centred,10,8,29084.375,36101,39.409881353378296,0.0
156,centred,10,8,29508.0,29508,0.0,0.0
157,centred,10,8,28017.0,29709,39.40523648262024,0.0
158,centred,10,8,32572.0,35733,39.40018153190613,0.0
159,centred,10,8,31487.0,36500,39.40095925331116,0.0009992122650146484
160,discreteUniform,100,20,98119.95,98167,39.40004873275757,10.23734188079834
161,discreteUniform,100,20,103187.8,103225,39.4009428024292,29.696699857711792
162,discreteUniform,100,20,110873.65,110917,39.40401840209961,36.76808977127075
163,discreteUniform,100,20,97891.45,97939,39.40046167373657,36.92539405822754
164,discreteUniform,100,20,98445.2,98496,39.40010595321655,12.039344787597656
165,discreteUniform,100,20,102797.55,102848,39.40095615386963,36.81780505180359
166,discreteUniform,100,20,98521.75,98568,39.40040373802185,29.205059051513672
167,discreteUniform,100,20,97183.85,97230,39.400790214538574,15.229023933410645
168,discreteUniform,100,20,100349.8,100400,39.400368213653564,15.136464834213257
169,discreteUniform,100,20,98042.9,98086,39.400145053863525,19.19677996635437
170,largeJobs,100,20,165521.3,165539,39.40074825286865,6.907273769378662
171,largeJobs,100,20,167268.15,167288,39.412018060684204,18.195738792419434
172,largeJobs,100,20,167136.75,167151,39.40016198158264,24.35961103439331
173,largeJobs,100,20,163648.5,163668,39.40088987350464,21.814783573150635
174,largeJobs,100,20,168681.8,168697,39.40093278884888,23.591552019119263
175,largeJobs,100,20,165868.85,165887,39.4000985622406,0.7013773918151855
176,largeJobs,100,20,168837.75,168854,39.40099120140076,22.192140817642212
177,largeJobs,100,20,168701.7,168716,39.40065884590149,9.35022234916687
178,largeJobs,100,20,170367.6,170384,39.4005811214447,23.45052719116211
179,largeJobs,100,20,165959.3,165977,39.400033473968506,11.266951084136963
180,extremes,100,20,101342.95,101386,39.40045881271362,29.731082439422607
181,extremes,100,20,104972.3,105013,39.40039014816284,34.0161828994751
182,extremes,100,20,100280.55,100304,39.40005946159363,34.356226205825806
183,extremes,100,20,93735.75,93777,39.40093779563904,12.92032766342163
184,extremes,100,20,104658.85,104701,39.40063500404358,33.41749548912048
185,extremes,100,20,101500.2,101529,39.400707721710205,36.95091724395752
186,extremes,100,20,97453.15,97493,39.40004014968872,37.33413815498352
187,extremes,100,20,109605.4,109634,39.409085512161255,13.562489986419678
188,extremes,100,20,103602.65,103624,39.400099754333496,13.450342655181885
189,extremes,100,20,97448.85,97484,39.400923013687134,37.19088578224182
190,centred,100,20,99519.6,99553,39.40001106262207,33.128904581069946
191,centred,100,20,100848.4,100871,39.40034222602844,17.25038456916809
192,centred,100,20,96179.95,96199,39.40711760520935,39.239662647247314
193,centred,100,20,102256.25,102287,39.400137424468994,35.45205020904541
194,centred,100,20,102456.6,102495,39.400004863739014,17.46482491493225
195,centred,100,20,95292.6,95331,39.40005612373352,16.17993998527527
196,centred,100,20,102057.7,102086,39.40094757080078,7.481085538864136
197,centred,100,20,95510.1,95532,39.40009355545044,1.6587414741516113
198,centred,100,20,106077.8,106106,39.40016961097717,38.359105825424194
199,centred,100,20,101343.9,101376,39.40091681480408,16.05860686302185
200,discreteUniform,100,40,46486.325,46923,39.4000346660614,32.05083966255188
201,discreteUniform,100,40,46288.775,46590,39.40057039260864,35.29145646095276
202,discreteUniform,100,40,52276.2,52648,39.40063548088074,3.1500296592712402
203,discreteUniform,100,40,50941.775,51804,39.401021003723145,0.0
204,discreteUniform,100,40,50908.05,51174,39.40064334869385,36.59256839752197
205,discreteUniform,100,40,49037.65,49323,39.40064764022827,23.20059609413147
206,discreteUniform,100,40,49972.625,50293,39.40068435668945,36.228578090667725
207,discreteUniform,100,40,48094.175,48551,39.400615215301514,8.461180686950684
208,discreteUniform,100,40,47691.525,48455,39.40006351470947,9.950264692306519
209,discreteUniform,100,40,51747.85,52049,39.400704860687256,13.400385856628418
210,largeJobs,100,40,84538.95,94833,39.40065312385559,6.516814470291138
211,largeJobs,100,40,82097.65,92147,39.40167570114136,31.04069423675537
212,largeJobs,100,40,82356.625,91353,39.404640436172485,25.617379188537598
213,largeJobs,100,40,82383.15,90807,39.402587890625,10.814958333969116
214,largeJobs,100,40,84516.625,95112,39.407562017440796,5.527395725250244
215,largeJobs,100,40,83889.925,93775,39.40973734855652,12.493654489517212
216,largeJobs,100,40,83577.975,93322,39.400068283081055,6.847210884094238
217,largeJobs,100,40,84256.125,94523,39.40066909790039,22.37349510192871
218,largeJobs,100,40,84071.25,93488,39.407002687454224,14.043359756469727
219,largeJobs,100,40,83591.95,93011,39.40696096420288,0.1717379093170166
220,extremes,100,40,54071.775,57522,39.40016031265259,0.0
221,extremes,100,40,43803.425,45520,39.409231185913086,0.22580170631408691
222,extremes,100,40,43104.825,44157,39.40377926826477,5.59713888168335
223,extremes,100,40,46914.3,51157,39.40034866333008,0.0
224,extremes,100,40,46750.05,50871,39.405659437179565,0.000997781753540039
225,extremes,100,40,42807.875,45673,39.40767765045166,0.0
226,extremes,100,40,44847.95,48964,39.40993285179138,0.0
227,extremes,100,40,47614.4,52720,39.414856910705566,0.0
228,extremes,100,40,50370.4,52670,39.4032142162323,0.10025310516357422
229,extremes,100,40,51757.4,58548,39.40426802635193,0.0
230,centred,100,40,49758.6,49978,39.413818359375,7.832433223724365
231,centred,100,40,49911.275,50096,39.40068054199219,15.461629629135132
232,centred,100,40,49826.825,49967,39.40488862991333,5.999084711074829
233,centred,100,40,50368.375,50642,39.40467286109924,20.34747815132141
234,centred,100,40,50605.55,50774,39.40682077407837,21.839237451553345
235,centred,100,40,50514.55,50808,39.40483283996582,29.734968900680542
236,centred,100,40,51369.6,51630,39.41199803352356,8.753743886947632
237,centred,100,40,51855.7,51988,39.40051865577698,17.199384212493896
238,centred,100,40,51691.425,51867,39.40531921386719,19.954395055770874
239,centred,100,40,49102.0,49325,39.40513610839844,8.858297348022461
240,discreteUniform,100,60,39900.0,39900,0.0,0.0
241,discreteUniform,100,60,39664.0,39664,0.0,0.0
242,discreteUniform,100,60,39562.0,39562,0.0,0.0
243,discreteUniform,100,60,37290.0,37290,0.0,0.0
244,discreteUniform,100,60,39423.0,41097,39.40070033073425,0.0
245,discreteUniform,100,60,39959.0,39959,0.0010006427764892578,0.0010006427764892578
246,discreteUniform,100,60,39381.0,39381,0.0,0.0
247,discreteUniform,100,60,39214.0,39214,0.0,0.0
248,discreteUniform,100,60,38308.0,38308,0.0,0.0
249,discreteUniform,100,60,39964.0,39964,0.0,0.0
250,largeJobs,100,60,55792.65,66882,39.40094447135925,0.0
251,largeJobs,100,60,55074.23333333333,65004,39.40757656097412,0.0
252,largeJobs,100,60,55524.05,66625,39.40124464035034,0.0
253,largeJobs,100,60,55704.03333333333,66760,39.40067911148071,0.0
254,largeJobs,100,60,55963.4,66869,39.4007408618927,0.0
255,largeJobs,100,60,54330.03333333333,65897,39.40444207191467,0.0
256,largeJobs,100,60,56515.35,67592,39.41079139709473,0.0
257,largeJobs,100,60,55478.03333333333,66597,39.406315326690674,0.0
258,largeJobs,100,60,54785.95,65391,39.41332530975342,0.0
259,largeJobs,100,60,55479.2,65479,39.405670404434204,0.0
260,extremes,100,60,39996.0,39996,0.0,0.0
261,extremes,100,60,39982.0,39982,0.0,0.0
262,extremes,100,60,39988.0,39988,0.0,0.0
263,extremes,100,60,39994.0,39994,0.0,0.0
264,extremes,100,60,40000.0,40000,0.0,0.0
265,extremes,100,60,39979.0,39979,0.0,0.0
266,extremes,100,60,39939.0,39939,0.0,0.0
267,extremes,100,60,39994.0,39994,0.0,0.0
268,extremes,100,60,40000.0,40000,0.0,0.0
269,extremes,100,60,39998.0,39998,0.0,0.0
270,centred,100,60,33531.71666666667,36797,39.402432441711426,0.0
271,centred,100,60,33117.0,34507,39.41221761703491,0.0
272,centred,100,60,36795.0,37625,39.40223836898804,0.0
273,centred,100,60,33369.7,38054,39.401082277297974,0.0
274,centred,100,60,36045.0,36211,39.4015097618103,0.0
275,centred,100,60,31569.066666666666,36503,39.4040629863739,0.0
276,centred,100,60,35218.0,36396,39.40078949928284,0.0
277,centred,100,60,34285.0,35968,39.4000403881073,0.00099945068359375
278,centred,100,60,35240.0,38496,39.40139555931091,0.0
279,centred,100,60,35000.0,37407,39.40400838851929,0.0
280,discreteUniform,100,80,39500.0,39500,0.0,0.0
281,discreteUniform,100,80,39032.0,39032,0.0,0.0
282,discreteUniform,100,80,39569.0,39569,0.0,0.0
283,discreteUniform,100,80,39702.0,39702,0.0,0.0
284,discreteUniform,100,80,39180.0,39180,0.0,0.0
285,discreteUniform,100,80,39990.0,39990,0.0,0.0
286,discreteUniform,100,80,39794.0,39794,0.0,0.0
287,discreteUniform,100,80,39753.0,39753,0.0,0.0
288,discreteUniform,100,80,39574.0,39574,0.0,0.0
289,discreteUniform,100,80,39948.0,39948,0.0,0.0
290,largeJobs,100,80,41910.725,60552,39.40223693847656,0.0
291,largeJobs,100,80,42114.2375,62205,39.40582799911499,0.0
292,largeJobs,100,80,41199.3875,59178,39.4003210067749,0.0
293,largeJobs,100,80,41828.55,60653,39.4019660949707,0.0
294,largeJobs,100,80,41409.775,58261,39.40238928794861,0.0
295,largeJobs,100,80,41562.475,58698,39.400367975234985,0.0
296,largeJobs,100,80,42576.9375,62097,39.40646767616272,0.0
297,largeJobs,100,80,42701.05,62721,39.40188002586365,0.0
298,largeJobs,100,80,41809.5625,60311,39.404208183288574,0.0
299,largeJobs,100,80,41399.9375,60650,39.4073851108551,0.0
300,extremes,100,80,39999.0,39999,0.0,0.0
301,extremes,100,80,39966.0,39966,0.015694141387939453,0.015694141387939453
302,extremes,100,80,40000.0,40000,0.0,0.0
303,extremes,100,80,39861.0,39861,0.0,0.0
304,extremes,100,80,39995.0,39995,0.0,0.0
305,extremes,100,80,40000.0,40000,0.0,0.0
306,extremes,100,80,39994.0,39994,0.0,0.0
307,extremes,100,80,39954.0,39954,0.0,0.0
308,extremes,100,80,39977.0,39977,0.0,0.0
309,extremes,100,80,40000.0,40000,0.0,0.0
310,centred,100,80,34814.0,34814,0.0,0.0
311,centred,100,80,33306.0,33306,0.0,0.0
312,centred,100,80,32483.0,32483,0.0,0.0
313,centred,100,80,34160.0,34160,0.0,0.0
314,centred,100,80,34326.0,34326,0.0,0.0
315,centred,100,80,36860.0,36860,0.0,0.0
316,centred,100,80,36104.0,36104,0.0,0.0
317,centred,100,80,34961.0,34961,0.0,0.0
318,centred,100,80,33421.0,33421,0.0,0.0
319,centred,100,80,32974.0,32974,0.0,0.0
320,discreteUniform,1000,200,97434.655,97456,39.40489363670349,27.942251205444336
321,discreteUniform,1000,200,98763.795,98783,39.416625022888184,25.618120670318604
322,discreteUniform,1000,200,98550.725,98570,39.40086221694946,11.12711238861084
323,discreteUniform,1000,200,99105.295,99123,39.40098261833191,23.902169704437256
324,discreteUniform,1000,200,101304.66,101327,39.401615381240845,14.750301122665405
325,discreteUniform,1000,200,99877.945,99898,39.40597701072693,20.336883544921875
326,discreteUniform,1000,200,99176.55,99197,39.40033555030823,16.239431619644165
327,discreteUniform,1000,200,100463.88,100484,39.40043258666992,8.280273675918579
328,discreteUniform,1000,200,101025.93,101047,39.411184549331665,13.100360631942749
329,discreteUniform,1000,200,101467.525,101488,39.40031147003174,19.622734546661377
330,largeJobs,1000,200,166187.55,166194,39.402586698532104,21.87811017036438
331,largeJobs,1000,200,167166.825,167174,39.40102458000183,18.468117475509644
332,largeJobs,1000,200,166645.135,166652,39.40101599693298,16.64703631401062
333,largeJobs,1000,200,166835.93,166843,39.401134967803955,18.383113861083984
334,largeJobs,1000,200,166980.875,166988,39.40090823173523,19.242010831832886
335,largeJobs,1000,200,166812.4,166820,39.401026010513306,19.771146297454834
336,largeJobs,1000,200,166056.195,166064,39.40044140815735,24.000619173049927
337,largeJobs,1000,200,166223.585,166234,39.400999546051025,0.02569127082824707
338,largeJobs,1000,200,165728.02,165743,39.400970458984375,0.025703907012939453
339,largeJobs,1000,200,167607.405,167614,39.40101432800293,19.15803599357605
340,extremes,1000,200,99607.375,99624,39.40109944343567,30.682459831237793
341,extremes,1000,200,98714.915,98734,39.400954484939575,2.444660186767578
342,extremes,1000,200,99287.93,99304,39.40104413032532,9.230863571166992
343,extremes,1000,200,106716.09,106733,39.40199518203735,0.29760241508483887
344,extremes,1000,200,97283.27,97304,39.400015115737915,20.960535049438477
345,extremes,1000,200,100025.28,100045,39.401915073394775,1.238940715789795
346,extremes,1000,200,104594.195,104610,39.40104103088379,24.228235006332397
347,extremes,1000,200,99700.28,99717,39.40097713470459,9.178821086883545
348,extremes,1000,200,103284.745,103303,39.40101480484009,26.700685024261475
349,extremes,1000,200,98430.905,98450,39.40101385116577,19.050474643707275
350,centred,1000,200,100753.035,100765,39.40106248855591,16.795069217681885
351,centred,1000,200,99897.86,99911,39.40164136886597,9.100223302841187
352,centred,1000,200,100526.175,100539,39.40025734901428,23.90294885635376
353,centred,1000,200,98677.06,98691,39.406516551971436,19.493958950042725
354,centred,1000,200,99638.83,99651,39.40095329284668,18.264363527297974
355,centred,1000,200,100568.26,100581,39.40001583099365,12.709676504135132
356,centred,1000,200,99699.735,99713,39.40100026130676,13.307846307754517
357,centred,1000,200,98568.235,98580,39.41111373901367,6.6632609367370605
358,centred,1000,200,102047.775,102060,39.40045690536499,6.450105667114258
359,centred,1000,200,100967.575,100981,39.40406274795532,9.229801893234253
360,discreteUniform,1000,400,49476.7025,49617,39.40167021751404,16.67725968360901
361,discreteUniform,1000,400,49360.19,49468,39.40136933326721,15.565075874328613
362,discreteUniform,1000,400,50040.0425,50185,39.4010329246521,12.84036111831665
363,discreteUniform,1000,400,49481.4375,49621,39.401543378829956,14.350362062454224
364,discreteUniform,1000,400,48389.185,48490,39.400537967681885,30.99285626411438
365,discreteUniform,1000,400,51048.1875,51178,39.41518592834473,15.74890661239624
366,discreteUniform,1000,400,49330.5775,49452,39.40192008018494,19.912344932556152
367,discreteUniform,1000,400,48721.7525,48821,39.40135669708252,15.057393550872803
368,discreteUniform,1000,400,49480.73,49599,39.4010066986084,21.283170700073242
369,discreteUniform,1000,400,51379.8,51542,39.41327261924744,11.235437870025635
370,largeJobs,1000,400,82805.9925,92257,39.40094757080078,27.096652030944824
371,largeJobs,1000,400,83071.535,92270,39.400052309036255,29.73126459121704
372,largeJobs,1000,400,83457.2525,92899,39.401989459991455,23.75397276878357
373,largeJobs,1000,400,83213.55,93110,39.40103459358215,26.537275075912476
374,largeJobs,1000,400,83599.7775,93347,39.40094256401062,22.67836618423462
375,largeJobs,1000,400,83756.5375,93265,39.40102815628052,19.365498781204224
376,largeJobs,1000,400,83643.3675,93315,39.4009473323822,21.840540170669556
377,largeJobs,1000,400,83144.7075,92530,39.400031089782715,25.11453413963318
378,largeJobs,1000,400,82920.8525,91969,39.400967836380005,24.243223905563354
379,largeJobs,1000,400,83238.0725,92582,39.402013301849365,16.490932941436768
380,extremes,1000,400,52188.25,56727,39.400736570358276,0.001998424530029297
381,extremes,1000,400,50445.29,54736,39.40001678466797,0.001998424530029297
382,extremes,1000,400,50211.435,53490,39.40001630783081,0.0029976367950439453
383,extremes,1000,400,50156.275,52690,39.400957107543945,0.0022840499877929688
384,extremes,1000,400,51254.85,53162,39.400959491729736,0.0
385,extremes,1000,400,49256.1,52328,39.40493893623352,0.0019989013671875
386,extremes,1000,400,49847.4075,52389,39.40092945098877,0.0019986629486083984
387,extremes,1000,400,49391.285,52966,39.40090537071228,0.0019981861114501953
388,extremes,1000,400,49025.705,52106,39.40010213851929,0.0019981861114501953
389,extremes,1000,400,49145.175,52037,39.40104961395264,0.0
390,centred,1000,400,50669.5075,50735,39.400999307632446,21.373137712478638
391,centred,1000,400,50035.0875,50093,39.40054106712341,16.571495056152344
392,centred,1000,400,49070.9975,49125,39.40190553665161,25.46891164779663
393,centred,1000,400,51394.98,51455,39.40004372596741,24.906628131866455
394,centred,1000,400,50731.5425,50796,39.400965452194214,17.188052654266357
395,centred,1000,400,50968.52,51022,39.4010488986969,25.30064105987549
396,centred,1000,400,50588.025,50645,39.40138626098633,16.212351322174072
397,centred,1000,400,48879.78,48940,39.40159368515015,14.183349847793579
398,centred,1000,400,50481.4225,50535,39.40152168273926,17.479029655456543
399,centred,1000,400,49803.0825,49861,39.4014847278595,19.89496421813965
400,discreteUniform,1000,600,39946.0,39946,0.005004167556762695,0.005004167556762695
401,discreteUniform,1000,600,39996.0,39996,0.00299835205078125,0.0019989013671875
402,discreteUniform,1000,600,39997.0,39997,0.0029976367950439453,0.001998424530029297
403,discreteUniform,1000,600,39932.0,39932,0.0029973983764648438,0.0029973983764648438
404,discreteUniform,1000,600,39903.0,39903,0.0,0.0
405,discreteUniform,1000,600,39952.0,39952,0.002997159957885742,0.002997159957885742
406,discreteUniform,1000,600,39877.0,39877,0.0029976367950439453,0.0029976367950439453
407,discreteUniform,1000,600,39945.0,39945,0.0019986629486083984,0.0019986629486083984
408,discreteUniform,1000,600,39979.0,39979,0.0,0.0
409,discreteUniform,1000,600,40000.0,40000,0.011654853820800781,0.011654853820800781
410,largeJobs,1000,600,55272.32166666666,65522,39.40098237991333,0.0019998550415039062
411,largeJobs,1000,600,55464.70333333333,65825,39.40007257461548,0.0029976367950439453
412,largeJobs,1000,600,55939.55,66300,39.40072751045227,0.0013387203216552734
413,largeJobs,1000,600,55555.89666666667,66177,39.41004681587219,0.010089635848999023
414,largeJobs,1000,600,55303.28333333333,65909,39.400201082229614,0.001998424530029297
415,largeJobs,1000,600,55437.97833333333,65660,39.40087127685547,0.001998424530029297
416,largeJobs,1000,600,55471.73333333333,66077,39.40134859085083,0.001998424530029297
417,largeJobs,1000,600,55647.62666666666,66361,39.400765895843506,0.0
418,largeJobs,1000,600,55427.74166666667,65531,39.40155076980591,0.0019981861114501953
419,largeJobs,1000,600,55666.635,65928,39.40084934234619,0.001998424530029297
420,extremes,1000,600,39999.0,39999,0.001997709274291992,0.001997709274291992
421,extremes,1000,600,39999.0,39999,0.0019991397857666016,0.0019991397857666016
422,extremes,1000,600,40000.0,40000,0.0029973983764648438,0.0019979476928710938
423,extremes,1000,600,40000.0,40000,0.002997875213623047,0.0019989013671875
424,extremes,1000,600,40000.0,40000,0.0029981136322021484,0.001998424530029297
425,extremes,1000,600,39999.0,39999,0.0030035972595214844,0.0030035972595214844
426,extremes,1000,600,40000.0,40000,0.0029981136322021484,0.0029981136322021484
427,extremes,1000,600,40000.0,40000,0.0019989013671875,0.0019989013671875
428,extremes,1000,600,40000.0,40000,0.0029981136322021484,0.0019996166229248047
429,extremes,1000,600,40000.0,40000,0.0019979476928710938,0.0019979476928710938
430,centred,1000,600,37379.0,37379,0.001998424530029297,0.001998424530029297
431,centred,1000,600,36447.0,36447,0.0019979476928710938,0.0019979476928710938
432,centred,1000,600,35986.0,36341,39.40050649642944,0.0029926300048828125
433,centred,1000,600,37621.0,37621,0.001999378204345703,0.001999378204345703
434,centred,1000,600,36907.0,36907,0.0029973983764648438,0.001998424530029297
435,centred,1000,600,37941.0,37941,0.001999378204345703,0.001999378204345703
436,centred,1000,600,36931.0,36931,0.00299835205078125,0.0020024776458740234
437,centred,1000,600,37244.0,37244,0.002997875213623047,0.002997875213623047
438,centred,1000,600,38327.0,38327,0.002000093460083008,0.002000093460083008
439,centred,1000,600,36799.0,36799,0.0019986629486083984,0.0019986629486083984
440,discreteUniform,1000,800,39955.0,39955,0.0039980411529541016,0.001998424530029297
441,discreteUniform,1000,800,39976.0,39976,0.002997875213623047,0.0019981861114501953
442,discreteUniform,1000,800,39999.0,39999,0.0019989013671875,0.0019989013671875
443,discreteUniform,1000,800,39959.0,39959,0.0019986629486083984,0.0019986629486083984
444,discreteUniform,1000,800,39893.0,39893,0.003998994827270508,0.002999544143676758
445,discreteUniform,1000,800,39977.0,39977,0.002997159957885742,0.001997709274291992
446,discreteUniform,1000,800,39993.0,39993,0.001999378204345703,0.001999378204345703
447,discreteUniform,1000,800,40000.0,40000,0.0019986629486083984,0.0019986629486083984
448,discreteUniform,1000,800,39976.0,39976,0.002997875213623047,0.001997709274291992
449,discreteUniform,1000,800,39943.0,39943,0.0020003318786621094,0.0020003318786621094
450,largeJobs,1000,800,41546.955,59978,39.400851011276245,0.003999948501586914
451,largeJobs,1000,800,41272.11875,59376,39.40045952796936,0.0029976367950439453
452,largeJobs,1000,800,41582.23625,59711,39.400288581848145,0.001999378204345703
453,largeJobs,1000,800,41460.22125,59424,39.40049123764038,0.001998424530029297
454,largeJobs,1000,800,41540.47625,59682,39.400359869003296,0.002999544143676758
455,largeJobs,1000,800,41609.595,59760,39.40021800994873,0.001998424530029297
456,largeJobs,1000,800,41637.16625,60138,39.40089464187622,0.0029976367950439453
457,largeJobs,1000,800,41665.2375,60145,39.4000346660614,0.001998424530029297
458,largeJobs,1000,800,41534.56125,59891,39.40067911148071,0.009244680404663086
459,largeJobs,1000,800,41321.1775,59664,39.400309324264526,0.0019981861114501953
460,extremes,1000,800,40000.0,40000,0.00299835205078125,0.0019986629486083984
461,extremes,1000,800,40000.0,40000,0.001998424530029297,0.001998424530029297
462,extremes,1000,800,40000.0,40000,0.0,0.0
463,extremes,1000,800,40000.0,40000,0.007016658782958984,0.006016254425048828
464,extremes,1000,800,40000.0,40000,0.0019986629486083984,0.0019986629486083984
465,extremes,1000,800,40000.0,40000,0.002996683120727539,0.001999378204345703
466,extremes,1000,800,39999.0,39999,0.0,0.0
467,extremes,1000,800,40000.0,40000,0.0,0.0
468,extremes,1000,800,40000.0,40000,0.0019998550415039062,0.0019998550415039062
469,extremes,1000,800,40000.0,40000,0.0029981136322021484,0.0019986629486083984
470,centred,1000,800,37420.0,37420,0.0,0.0
471,centred,1000,800,38057.0,38057,0.0,0.0
472,centred,1000,800,37556.0,37556,0.0029976367950439453,0.001998424530029297
473,centred,1000,800,37147.0,37147,0.0019991397857666016,0.0019991397857666016
474,centred,1000,800,37578.0,37578,0.002003192901611328,0.002003192901611328
475,centred,1000,800,38115.0,38115,0.0,0.0
476,centred,1000,800,36311.0,36311,0.0,0.0
477,centred,1000,800,37009.0,37009,0.00299835205078125,0.0019986629486083984
478,centred,1000,800,37614.0,37614,0.0019981861114501953,0.0019981861114501953
479,centred,1000,800,37582.0,37582,0.001998424530029297,0.001998424530029297
480,discreteUniform,10000,2000,99529.434,99534,39.40618085861206,14.580880165100098
481,discreteUniform,10000,2000,99736.989,99741,39.41248393058777,14.65756607055664
482,discreteUniform,10000,2000,99675.668,99680,39.40578103065491,20.912893772125244
483,discreteUniform,10000,2000,100165.5005,100170,39.40101909637451,6.648490905761719
484,discreteUniform,10000,2000,99173.853,99178,39.41188049316406,17.725260972976685
485,discreteUniform,10000,2000,100612.4085,100617,39.40897536277771,10.020419836044312
486,discreteUniform,10000,2000,99535.888,99540,39.40102005004883,15.870387077331543
487,discreteUniform,10000,2000,100521.947,100526,39.40829682350159,20.72879385948181
488,discreteUniform,10000,2000,100186.307,100191,39.40186858177185,5.567677974700928
489,discreteUniform,10000,2000,100146.5,100151,39.40339660644531,12.152668237686157
490,largeJobs,10000,2000,166612.6965,166615,39.41097354888916,0.6212790012359619
491,largeJobs,10000,2000,166315.1085,166318,39.40187907218933,0.6186099052429199
492,largeJobs,10000,2000,166480.3995,166484,39.40890550613403,0.800940752029419
493,largeJobs,10000,2000,166890.8685,166893,39.40095663070679,0.6846082210540771
494,largeJobs,10000,2000,166500.752,166504,39.40998125076294,0.6193141937255859
495,largeJobs,10000,2000,166828.5315,166832,39.4009485244751,0.6335270404815674
496,largeJobs,10000,2000,166865.1905,166869,39.409992694854736,0.6189193725585938
497,largeJobs,10000,2000,166514.747,166521,39.40245199203491,0.5835492610931396
498,largeJobs,10000,2000,166613.7835,166618,39.423338174819946,0.6529576778411865
499,largeJobs,10000,2000,166867.9365,166872,39.40542697906494,0.6220276355743408
500,extremes,10000,2000,101936.464,101941,39.40192985534668,4.413996696472168
501,extremes,10000,2000,100761.774,100766,39.4011664390564,13.098767757415771
502,extremes,10000,2000,100905.43,100910,39.406495332717896,11.72011423110962
503,extremes,10000,2000,99944.499,99949,39.40702176094055,12.700660228729248
504,extremes,10000,2000,100953.5105,100958,39.4117476940155,10.050202131271362
505,extremes,10000,2000,99505.5915,99510,39.407917737960815,2.0129828453063965
506,extremes,10000,2000,100368.9515,100373,39.40231251716614,13.752768278121948
507,extremes,10000,2000,99861.6925,99866,39.4017379283905,18.993938446044922
508,extremes,10000,2000,98616.492,98621,39.407514810562134,14.684451580047607
509,extremes,10000,2000,100247.64,100252,39.40193438529968,13.30346965789795
510,centred,10000,2000,99171.128,99174,39.40102243423462,7.024194717407227
511,centred,10000,2000,100474.1825,100477,39.40153694152832,13.524437427520752
512,centred,10000,2000,100380.2375,100383,39.40196394920349,17.01637363433838
513,centred,10000,2000,99950.504,99954,39.401968479156494,4.263023138046265
514,centred,10000,2000,100015.643,100019,39.40121674537659,5.704328775405884
515,centred,10000,2000,100498.003,100501,39.40131211280823,7.755514144897461
516,centred,10000,2000,100066.377,100069,39.401872873306274,22.766397953033447
517,centred,10000,2000,100763.268,100766,39.4077308177948,10.146990537643433
518,centred,10000,2000,100248.035,100251,39.40158128738403,11.1791250705719
519,centred,10000,2000,100038.8685,100042,39.407721519470215,5.434819936752319
520,discreteUniform,10000,4000,49862.44,49895,39.409688234329224,16.273340940475464
521,discreteUniform,10000,4000,49750.6725,49775,39.402395725250244,23.9206805229187
522,discreteUniform,10000,4000,50240.61825,50275,39.4110426902771,17.54795265197754
523,discreteUniform,10000,4000,50244.33325,50276,39.40498065948486,13.097251176834106
524,discreteUniform,10000,4000,50349.12075,50378,39.409398555755615,18.993833541870117
525,discreteUniform,10000,4000,50221.1065,50248,39.410035848617554,15.858356237411499
526,discreteUniform,10000,4000,49939.116,49980,39.40753769874573,13.250271797180176
527,discreteUniform,10000,4000,50012.3855,50042,39.40992331504822,16.770760536193848
528,discreteUniform,10000,4000,50124.716,50151,39.40004825592041,18.300047397613525
529,discreteUniform,10000,4000,50008.7635,50033,39.50803303718567,11.776191473007202
530,largeJobs,10000,4000,83264.62125,92722,39.401843547821045,25.497909784317017
531,largeJobs,10000,4000,83292.3015,92666,39.40208578109741,22.35313606262207
532,largeJobs,10000,4000,83381.1995,92798,39.40581941604614,22.30367350578308
533,largeJobs,10000,4000,83321.7655,92859,39.402496099472046,24.189067840576172
534,largeJobs,10000,4000,83275.19425,92697,39.415510416030884,21.887094259262085
535,largeJobs,10000,4000,83263.43025,92704,39.40346050262451,27.53088617324829
536,largeJobs,10000,4000,83517.1585,93142,39.41330075263977,23.22321891784668
537,largeJobs,10000,4000,83240.4655,92606,39.41510891914368,28.316911697387695
538,largeJobs,10000,4000,83313.95175,92787,39.40488624572754,29.08044195175171
539,largeJobs,10000,4000,83471.7365,92947,39.4053111076355,23.789791107177734
540,extremes,10000,4000,50077.688,52455,39.40217304229736,0.021198272705078125
541,extremes,10000,4000,49896.85625,52099,39.400171756744385,0.019721508026123047
542,extremes,10000,4000,50205.4265,52355,39.40463876724243,0.029185771942138672
543,extremes,10000,4000,50090.83925,52626,39.407928228378296,0.019274473190307617
544,extremes,10000,4000,50639.5435,53365,39.40559411048889,0.03034377098083496
545,extremes,10000,4000,50405.35125,53165,39.40511202812195,0.028862714767456055
546,extremes,10000,4000,50004.51675,52603,39.40049719810486,0.01712346076965332
547,extremes,10000,4000,50112.785,52716,39.406731843948364,0.024865150451660156
548,extremes,10000,4000,49729.59375,52155,39.4056875705719,0.015629291534423828
549,extremes,10000,4000,50540.416,53421,39.40478849411011,0.022249937057495117
550,centred,10000,4000,50142.17775,50155,39.40342044830322,14.549107551574707
551,centred,10000,4000,49820.71125,49833,39.40318751335144,17.573680639266968
552,centred,10000,4000,50497.85575,50512,39.40562653541565,17.788655281066895
553,centred,10000,4000,50081.724,50098,39.40423536300659,14.042927026748657
554,centred,10000,4000,50388.87825,50402,39.40295934677124,15.181673765182495
555,centred,10000,4000,49918.9405,49932,39.40472054481506,18.14266586303711
556,centred,10000,4000,49668.1685,49682,39.41884732246399,13.808547496795654
557,centred,10000,4000,50052.93075,50066,39.40966248512268,16.75110387802124
558,centred,10000,4000,49829.38475,49843,39.40096950531006,14.34395694732666
559,centred,10000,4000,50086.51175,50098,39.40993905067444,18.409387588500977
560,discreteUniform,10000,6000,39998.0,39998,0.04311871528625488,0.03912091255187988
561,discreteUniform,10000,6000,40000.0,40000,0.039617300033569336,0.03661990165710449
562,discreteUniform,10000,6000,39994.0,39994,0.037670135498046875,0.03267264366149902
563,discreteUniform,10000,6000,39999.0,39999,0.04198646545410156,0.03798985481262207
564,discreteUniform,10000,6000,40000.0,40000,0.03497743606567383,0.027982234954833984
565,discreteUniform,10000,6000,39995.0,39995,0.03387856483459473,0.03088092803955078
566,discreteUniform,10000,6000,39999.0,39999,0.1134490966796875,0.11045074462890625
567,discreteUniform,10000,6000,39998.0,39998,0.024982452392578125,0.021983861923217773
568,discreteUniform,10000,6000,39997.0,39997,0.019718170166015625,0.019718170166015625
569,discreteUniform,10000,6000,39994.0,39994,0.018263578414916992,0.018263578414916992
570,largeJobs,10000,6000,55484.30066666667,65924,39.402936697006226,0.01898789405822754
571,largeJobs,10000,6000,55680.93616666667,66183,39.403581380844116,0.021573305130004883
572,largeJobs,10000,6000,55613.77133333333,66002,39.477330684661865,0.026314735412597656
573,largeJobs,10000,6000,55547.513666666666,65950,39.402201652526855,0.019986629486083984
574,largeJobs,10000,6000,55621.647666666664,66075,39.4139084815979,0.02097606658935547
575,largeJobs,10000,6000,55646.669,66138,39.403749227523804,0.02039313316345215
576,largeJobs,10000,6000,55560.49,66058,39.40395760536194,0.024297475814819336
577,largeJobs,10000,6000,55584.623166666664,66115,39.400439739227295,0.021094083786010742
578,largeJobs,10000,6000,55515.653666666665,66055,39.40392470359802,0.018988370895385742
579,largeJobs,10000,6000,55555.992666666665,66000,39.40240740776062,0.10143923759460449
580,extremes,10000,6000,40000.0,40000,0.022983074188232422,0.019984722137451172
581,extremes,10000,6000,40000.0,40000,0.030542612075805664,0.02654433250427246
582,extremes,10000,6000,40000.0,40000,0.025590181350708008,0.023590803146362305
583,extremes,10000,6000,40000.0,40000,0.02454233169555664,0.021544933319091797
584,extremes,10000,6000,40000.0,40000,0.025632143020629883,0.02260136604309082
585,extremes,10000,6000,40000.0,40000,0.02398395538330078,0.020985841751098633
586,extremes,10000,6000,40000.0,40000,0.10130977630615234,0.0983121395111084
587,extremes,10000,6000,40000.0,40000,0.027556180953979492,0.02455902099609375
588,extremes,10000,6000,40000.0,40000,0.024689435958862305,0.02169489860534668
589,extremes,10000,6000,40000.0,40000,0.023283958435058594,0.020286083221435547
590,centred,10000,6000,38980.0,38980,0.02047419548034668,0.02047419548034668
591,centred,10000,6000,38215.0,38215,0.022984743118286133,0.019986391067504883
592,centred,10000,6000,38573.0,38573,0.10004138946533203,0.019585132598876953
593,centred,10000,6000,38133.0,38133,0.024982929229736328,0.02098369598388672
594,centred,10000,6000,38397.0,38397,0.02198624610900879,0.01898813247680664
595,centred,10000,6000,38066.0,38066,0.02261185646057129,0.019614219665527344
596,centred,10000,6000,38494.0,38494,0.025120019912719727,0.022121906280517578
597,centred,10000,6000,38561.0,38561,0.0237884521484375,0.020798444747924805
598,centred,10000,6000,38423.0,38423,0.02498316764831543,0.02198624610900879
599,centred,10000,6000,38955.0,38955,0.10113215446472168,0.09813380241394043
600,discreteUniform,10000,8000,39997.0,39997,0.025650739669799805,0.022652864456176758
601,discreteUniform,10000,8000,40000.0,40000,0.02295088768005371,0.01895308494567871
602,discreteUniform,10000,8000,39998.0,39998,0.022983312606811523,0.017986297607421875
603,discreteUniform,10000,8000,39996.0,39996,0.026979923248291016,0.02298259735107422
604,discreteUniform,10000,8000,40000.0,40000,0.11309313774108887,0.10909724235534668
605,discreteUniform,10000,8000,39992.0,39992,0.02346014976501465,0.0204620361328125
606,discreteUniform,10000,8000,39999.0,39999,0.027093887329101562,0.023096084594726562
607,discreteUniform,10000,8000,39995.0,39995,0.024979352951049805,0.021981239318847656
608,discreteUniform,10000,8000,39992.0,39992,0.02806830406188965,0.0250704288482666
609,discreteUniform,10000,8000,39993.0,39993,0.10597825050354004,0.10198092460632324
610,largeJobs,10000,8000,41612.16275,59940,39.401528120040894,0.026598691940307617
611,largeJobs,10000,8000,41651.209,60010,39.403950691223145,0.018986940383911133
612,largeJobs,10000,8000,41747.381,60421,39.40318989753723,0.01648092269897461
613,largeJobs,10000,8000,41669.12825,59945,39.40822625160217,0.02577662467956543
614,largeJobs,10000,8000,41650.576125,60013,39.40350675582886,0.09961104393005371
615,largeJobs,10000,8000,41660.501375,60170,39.40489339828491,0.018965482711791992
616,largeJobs,10000,8000,41659.739875,60168,39.40389084815979,0.01837611198425293
617,largeJobs,10000,8000,41682.59425,60096,39.41009449958801,0.031140565872192383
618,largeJobs,10000,8000,41646.55075,60039,39.40381455421448,0.005274057388305664
619,largeJobs,10000,8000,41692.371375,60232,39.403313875198364,0.09899663925170898
620,extremes,10000,8000,40000.0,40000,0.034699201583862305,0.029702186584472656
621,extremes,10000,8000,40000.0,40000,0.027027130126953125,0.023030519485473633
622,extremes,10000,8000,40000.0,40000,0.030015230178833008,0.011309623718261719
623,extremes,10000,8000,40000.0,40000,0.02999114990234375,0.025992155075073242
624,extremes,10000,8000,40000.0,40000,0.10333847999572754,0.10333847999572754
625,extremes,10000,8000,40000.0,40000,0.028929948806762695,0.013302803039550781
626,extremes,10000,8000,40000.0,40000,0.011321544647216797,0.011321544647216797
627,extremes,10000,8000,40000.0,40000,0.03399252891540527,0.02893519401550293
628,extremes,10000,8000,40000.0,40000,0.008381366729736328,0.008381366729736328
629,extremes,10000,8000,40000.0,40000,0.10099101066589355,0.09800243377685547
630,centred,10000,8000,38144.0,38144,0.032117366790771484,0.02712106704711914
631,centred,10000,8000,38276.0,38276,0.02477884292602539,0.005826473236083984
632,centred,10000,8000,39016.0,39016,0.018976449966430664,0.018976449966430664
633,centred,10000,8000,38103.0,38103,0.02098536491394043,0.017987489700317383
634,centred,10000,8000,38194.0,38194,0.11820483207702637,0.09954118728637695
635,centred,10000,8000,38128.0,38128,0.022983789443969727,0.01898646354675293
636,centred,10000,8000,38829.0,38829,0.012337207794189453,0.012337207794189453
637,centred,10000,8000,39022.0,39022,0.009557723999023438,0.009557723999023438
638,centred,10000,8000,39285.0,39285,0.0279388427734375,0.008471012115478516
639,centred,10000,8000,38732.0,38732,0.10512518882751465,0.10512518882751465
640,discreteUniform,100000,20000,100328.79195,100403,39.42758774757385,39.40260434150696
641,discreteUniform,100000,20000,100081.90395,100200,39.519455432891846,39.401023387908936
642,discreteUniform,100000,20000,100077.9166,100114,39.412415504455566,39.40196466445923
643,discreteUniform,100000,20000,99951.07165,100054,39.42835450172424,39.4001784324646
644,discreteUniform,100000,20000,100020.9218,100102,39.443105697631836,39.41612482070923
645,discreteUniform,100000,20000,100066.6101,100092,39.427595138549805,39.401217222213745
646,discreteUniform,100000,20000,99957.92755,100221,39.4163932800293,39.40092492103577
647,discreteUniform,100000,20000,100036.0236,100053,39.42805314064026,39.401413679122925
648,discreteUniform,100000,20000,99993.3933,100116,39.42814588546753,39.40199422836304
649,discreteUniform,100000,20000,99998.50495,100107,39.423454999923706,39.40070295333862
650,largeJobs,100000,20000,166658.4839,166757,39.427687644958496,39.40100359916687
651,largeJobs,100000,20000,166642.77465,166757,39.423423767089844,39.400160789489746
652,largeJobs,100000,20000,166570.17975,166697,39.42512488365173,39.40096712112427
653,largeJobs,100000,20000,166672.85945,166781,39.4286322593689,39.40089297294617
654,largeJobs,100000,20000,166798.76945,166911,39.426642179489136,39.40085530281067
655,largeJobs,100000,20000,166725.03455,166856,39.427982568740845,39.40100145339966
656,largeJobs,100000,20000,166619.14025,166772,39.4244282245636,39.401971101760864
657,largeJobs,100000,20000,166606.42015,166729,39.42462778091431,39.400224924087524
658,largeJobs,100000,20000,166678.858,166809,39.52133321762085,39.40087294578552
659,largeJobs,100000,20000,166666.48145,166770,39.42693257331848,39.40191054344177
660,extremes,100000,20000,100065.4158,100137,39.60550117492676,4.45400071144104
661,extremes,100000,20000,99714.06375,99803,39.518022298812866,1.831667184829712
662,extremes,100000,20000,100062.33345,100162,39.51346826553345,1.100386619567871
663,extremes,100000,20000,99805.47005,99866,39.49404811859131,3.4689347743988037
664,extremes,100000,20000,99942.0012,100059,39.50075650215149,0.42139410972595215
665,extremes,100000,20000,100077.6003,100220,39.50491976737976,0.8779559135437012
666,extremes,100000,20000,100231.34145,100315,39.581082820892334,0.7719063758850098
667,extremes,100000,20000,99992.0141,100040,39.43281388282776,39.40151023864746
668,extremes,100000,20000,100176.0709,100257,39.50439119338989,4.343114852905273
669,extremes,100000,20000,99777.5533,99865,39.507614850997925,2.0583903789520264
670,centred,100000,20000,99894.6358,99980,39.42442202568054,39.401201248168945
671,centred,100000,20000,100063.6069,100172,39.42592644691467,39.40094542503357
672,centred,100000,20000,100168.4152,100277,39.443344593048096,39.41066312789917
673,centred,100000,20000,100133.68285,100282,39.43816161155701,39.40591096878052
674,centred,100000,20000,100034.26425,100153,39.430304527282715,39.40094447135925
675,centred,100000,20000,99942.8827,100062,39.426454067230225,39.4014732837677
676,centred,100000,20000,99972.45695,100047,39.42892146110535,39.400940895080566
677,centred,100000,20000,99982.489,100058,39.42693781852722,39.40193223953247
678,centred,100000,20000,99959.8196,100035,39.42526626586914,39.40226221084595
679,centred,100000,20000,100011.15925,100091,39.51793193817139,39.400792360305786
680,discreteUniform,100000,40000,50072.76395,51482,39.53199768066406,39.400779724121094
681,discreteUniform,100000,40000,49934.0831,50624,39.42810654640198,39.40000510215759
682,discreteUniform,100000,40000,49915.249325,50618,39.42510795593262,39.400946855545044
683,discreteUniform,100000,40000,50056.9299,50573,39.42470622062683,39.400885820388794
684,discreteUniform,100000,40000,49946.8185,51527,39.5241162776947,39.400384187698364
685,discreteUniform,100000,40000,49987.83245,50550,39.5311439037323,39.400898456573486
686,discreteUniform,100000,40000,49997.534325,51361,39.4280526638031,39.40136480331421
687,discreteUniform,100000,40000,49987.283825,50460,39.422856092453,39.4008903503418
688,discreteUniform,100000,40000,50150.211475,51797,39.425347328186035,39.40036916732788
689,discreteUniform,100000,40000,50037.51205,50499,39.5251567363739,39.40040159225464
690,largeJobs,100000,40000,83331.3304,92868,39.530139446258545,39.406516551971436
691,largeJobs,100000,40000,83316.287175,92886,39.42884945869446,39.41322660446167
692,largeJobs,100000,40000,83319.614325,92917,39.42594528198242,39.40066957473755
693,largeJobs,100000,40000,83303.757075,92828,39.42492461204529,39.40258741378784
694,largeJobs,100000,40000,83355.909325,92874,39.52630972862244,39.40461444854736
695,largeJobs,100000,40000,83312.32805,92837,39.42135047912598,39.40105724334717
696,largeJobs,100000,40000,83328.318075,92869,39.42713403701782,39.404916286468506
697,largeJobs,100000,40000,83433.280575,93032,39.427464723587036,39.40513515472412
698,largeJobs,100000,40000,83332.0681,92940,39.41622495651245,39.400599241256714
699,largeJobs,100000,40000,83278.001975,92820,39.42603325843811,39.40204977989197
700,extremes,100000,40000,49930.51855,52075,39.64243125915527,0.26468658447265625
701,extremes,100000,40000,50002.106725,52429,39.62981843948364,0.2851221561431885
702,extremes,100000,40000,49869.512975,52333,39.53996133804321,0.2700068950653076
703,extremes,100000,40000,49846.293675,52221,39.51746463775635,0.40955066680908203
704,extremes,100000,40000,49961.2316,52302,39.54398274421692,0.3763883113861084
705,extremes,100000,40000,49880.38385,52290,39.52358102798462,0.39008212089538574
706,extremes,100000,40000,49818.7794,52120,39.52406406402588,0.3676295280456543
707,extremes,100000,40000,50240.249425,52734,39.62534761428833,0.28080248832702637
708,extremes,100000,40000,49914.10655,52089,39.648043155670166,0.28280138969421387
709,extremes,100000,40000,50063.2933,52535,39.54391551017761,0.25560450553894043
710,centred,100000,40000,49953.21485,50427,39.42617678642273,39.41055154800415
711,centred,100000,40000,49975.759875,50490,39.432785749435425,39.40153360366821
712,centred,100000,40000,49935.391775,50421,39.42341446876526,39.4031708240509
713,centred,100000,40000,49934.897925,50375,39.428282499313354,39.408504009246826
714,centred,100000,40000,50075.815875,50520,39.5332453250885,39.400588035583496
715,centred,100000,40000,50054.04495,50581,39.52870154380798,37.81741762161255
716,centred,100000,40000,50092.964875,50620,39.422075033187866,39.40187215805054
717,centred,100000,40000,50017.01505,50482,39.42769718170166,39.40071201324463
718,centred,100000,40000,49889.1445,50324,39.42759299278259,39.400611877441406
719,centred,100000,40000,50068.3634,50528,39.43060350418091,39.40062475204468
720,discreteUniform,100000,60000,40000.0,40000,0.3997187614440918,0.3447575569152832
721,discreteUniform,100000,60000,40000.0,40000,0.5016472339630127,0.33776140213012695
722,discreteUniform,100000,60000,40000.0,40000,0.4037156105041504,0.2388322353363037
723,discreteUniform,100000,60000,40000.0,40000,0.39871835708618164,0.23383498191833496
724,discreteUniform,100000,60000,40000.0,40000,0.4077129364013672,0.242828369140625
725,discreteUniform,100000,60000,40000.0,40000,0.4017183780670166,0.24182939529418945
726,discreteUniform,100000,60000,40000.0,40000,0.4077136516571045,0.23983049392700195
727,discreteUniform,100000,60000,40000.0,40000,0.39672040939331055,0.23583388328552246
728,discreteUniform,100000,60000,40000.0,40000,0.4049851894378662,0.241105318069458
729,discreteUniform,100000,60000,40000.0,40000,0.402721643447876,0.3567533493041992
730,largeJobs,100000,60000,55558.868,65989,39.54135084152222,0.3550527095794678
731,largeJobs,100000,60000,55541.20755,65924,39.556102991104126,0.3467552661895752
732,largeJobs,100000,60000,55532.19876666667,65935,39.6413516998291,0.3534219264984131
733,largeJobs,100000,60000,55528.612133333336,65938,39.635103940963745,0.24209976196289062
734,largeJobs,100000,60000,55598.405216666666,66015,39.80100202560425,0.21982240676879883
735,largeJobs,100000,60000,55572.233,65998,39.63708758354187,0.3083686828613281
736,largeJobs,100000,60000,55582.55136666667,65982,39.62943887710571,0.21892333030700684
737,largeJobs,100000,60000,55566.41408333334,65977,39.63649940490723,0.2270350456237793
738,largeJobs,100000,60000,55573.81283333333,65971,39.66172695159912,0.23549628257751465
739,largeJobs,100000,60000,55581.095316666666,65991,41.22927927970886,0.21725869178771973
740,extremes,100000,60000,40000.0,40000,0.38053417205810547,0.2344372272491455
741,extremes,100000,60000,40000.0,40000,0.3919239044189453,0.35001659393310547
742,extremes,100000,60000,40000.0,40000,0.3770418167114258,0.3314363956451416
743,extremes,100000,60000,40000.0,40000,0.4255087375640869,0.37944746017456055
744,extremes,100000,60000,40000.0,40000,0.492478609085083,0.34206342697143555
745,extremes,100000,60000,40000.0,40000,0.3701159954071045,0.22539687156677246
746,extremes,100000,60000,40000.0,40000,0.38105130195617676,0.23307323455810547
747,extremes,100000,60000,40000.0,40000,0.40265846252441406,0.24563384056091309
748,extremes,100000,60000,40000.0,40000,0.3638486862182617,0.2315654754638672
749,extremes,100000,60000,40000.0,40000,0.3810741901397705,0.2350008487701416
750,centred,100000,60000,39144.0,39144,0.3926253318786621,0.24656319618225098
751,centred,100000,60000,39415.0,39415,0.3609774112701416,0.21702170372009277
752,centred,100000,60000,39541.0,39541,0.40000295639038086,0.26769137382507324
753,centred,100000,60000,38827.0,38827,0.38171911239624023,0.24211716651916504
754,centred,100000,60000,38840.0,38840,0.3515610694885254,0.3173706531524658
755,centred,100000,60000,39741.0,39741,0.3501136302947998,0.3100168704986572
756,centred,100000,60000,39272.0,39272,0.3550388813018799,0.3169548511505127
757,centred,100000,60000,38942.0,38942,0.46099066734313965,0.3111441135406494
758,centred,100000,60000,39650.0,39650,0.36653923988342285,0.21338891983032227
759,centred,100000,60000,38962.0,38962,0.3623361587524414,0.21234893798828125
760,discreteUniform,100000,80000,40000.0,40000,0.3649780750274658,0.20840907096862793
761,discreteUniform,100000,80000,40000.0,40000,0.4770395755767822,0.3079822063446045
762,discreteUniform,100000,80000,39999.0,39999,0.39065074920654297,0.22566509246826172
763,discreteUniform,100000,80000,40000.0,40000,0.35608339309692383,0.1988685131072998
764,discreteUniform,100000,80000,40000.0,40000,0.35355472564697266,0.3000171184539795
765,discreteUniform,100000,80000,39999.0,39999,0.46247029304504395,0.3020608425140381
766,discreteUniform,100000,80000,40000.0,40000,0.3593928813934326,0.20103120803833008
767,discreteUniform,100000,80000,40000.0,40000,0.36696505546569824,0.31394505500793457
768,discreteUniform,100000,80000,40000.0,40000,0.4769868850708008,0.3149735927581787
769,discreteUniform,100000,80000,40000.0,40000,0.3855774402618408,0.22504758834838867
770,largeJobs,100000,80000,41659.402875,60107,39.548219203948975,0.3586294651031494
771,largeJobs,100000,80000,41707.6607375,60207,39.664315938949585,0.30201292037963867
772,largeJobs,100000,80000,41654.474625,60058,39.554829597473145,0.30707430839538574
773,largeJobs,100000,80000,41669.25225,60113,39.66594958305359,0.30403876304626465
774,largeJobs,100000,80000,41675.7384375,60116,39.67060589790344,0.19855308532714844
775,largeJobs,100000,80000,41657.6959,60099,39.54142904281616,0.3456535339355469
776,largeJobs,100000,80000,41676.292675,60095,39.68254995346069,0.3226635456085205
777,largeJobs,100000,80000,41669.989625,60129,39.66377639770508,0.2281954288482666
778,largeJobs,100000,80000,41671.525075,60125,39.54799032211304,0.31000828742980957
779,largeJobs,100000,80000,41675.9258875,60195,39.66398644447327,0.3114492893218994
780,extremes,100000,80000,40000.0,40000,0.3810436725616455,0.21910738945007324
781,extremes,100000,80000,40000.0,40000,0.3625459671020508,0.3190040588378906
782,extremes,100000,80000,40000.0,40000,0.4779393672943115,0.31500935554504395
783,extremes,100000,80000,40000.0,40000,0.3650355339050293,0.20703792572021484
784,extremes,100000,80000,40000.0,40000,0.3650527000427246,0.31501317024230957
785,extremes,100000,80000,40000.0,40000,0.46797800064086914,0.30600452423095703
786,extremes,100000,80000,40000.0,40000,0.3739748001098633,0.21542811393737793
787,extremes,100000,80000,40000.0,40000,0.35348963737487793,0.30347442626953125
788,extremes,100000,80000,40000.0,40000,0.47025442123413086,0.30889105796813965
789,extremes,100000,80000,40000.0,40000,0.36531662940979004,0.20491409301757812
790,centred,100000,80000,39400.0,39400,0.3549017906188965,0.30785632133483887
791,centred,100000,80000,38828.0,38828,0.46105122566223145,0.3000648021697998
792,centred,100000,80000,38990.0,38990,0.37458205223083496,0.21666288375854492
793,centred,100000,80000,39184.0,39184,0.35368895530700684,0.30005979537963867
794,centred,100000,80000,39008.0,39008,0.4663379192352295,0.30320048332214355
795,centred,100000,80000,39204.0,39204,0.3609633445739746,0.202972412109375
796,centred,100000,80000,38906.0,38906,0.35452985763549805,0.3090827465057373
797,centred,100000,80000,39128.0,39128,0.4611389636993408,0.3005349636077881
798,centred,100000,80000,39206.0,39206,0.35197877883911133,0.3060140609741211
799,centred,100000,80000,38907.0,38907,0.4647400379180908,0.3004746437072754
